0.0,8.831079796402843,16.28440551090445,21.888974298282278,25.74420479042295,28.235865290409283,29.781445080371448,30.714904151625177,31.267881963024465,31.58869248454206,31.76718346523483,31.85432697073499,31.874476304770962,31.8303057735172,31.69821570113424,31.40085020978395,30.67870450607269,28.052819645239833,18.132848253278965,8.365757074485629,0.0
0.0,8.824417134659054,16.270623710715004,21.869561082465665,25.721130863504897,28.21072875583768,29.755270423205232,30.688254435859985,31.241024388212637,31.56172132602643,31.740088525532084,31.827017831295876,31.846768888229267,31.80186217114454,31.668391485112718,31.368280431416185,30.639867102814176,27.996262245564644,18.105579328573455,8.353612977829968,0.0
0.0,8.81776025440045,16.256846630051626,21.850147934724177,25.698051278128474,28.185581412601845,29.729081025835004,30.661587243070805,31.21414750271765,31.534729598844102,31.712972055526176,31.799686274084372,31.819038060285195,31.773393912641833,31.63854107946302,31.33568329997106,30.601008893551352,27.939869525875878,18.078362562423255,8.341496145106543,0.0
0.0,8.811109143753209,16.243074242654792,21.830734813105625,25.674965977400163,28.160423190357978,29.702876806555743,30.63490248259382,31.187251209228624,31.507717201023244,31.685833950250103,31.77233219271414,31.791283715160088,31.74490089663505,31.608664396824498,31.30305877421391,30.562130043361137,27.88364219619618,18.051198128049187,8.329406656999025,0.0
0.0,8.804463791699952,16.229306524039533,21.811321678144047,25.65187490735614,28.135254021920115,29.67665768691368,30.608200067040762,31.160335413707866,31.48068403386112,31.658674108015873,31.744955484115824,31.763505750478615,31.71638302532673,31.578761353757894,31.27040681755223,30.523230723213437,27.827580916431355,18.024086197046532,8.317344593615273,0.0
0.0,8.797824188055277,16.215543451449584,21.791908492799433,25.62877801689453,28.110073843189376,29.65042359163483,30.581479912227824,31.133400025320586,31.453630001854844,31.63149243034655,31.717556048471074,31.735704067205937,31.6878402044387,31.54883187069885,31.23772739801283,30.48431111000607,27.771686297637523,17.997026939086602,8.30531003435745,0.0
0.0,8.791190323441658,16.201785003812056,21.77249522239816,25.6056752577082,28.084882593083787,29.62417444855424,30.55474193710525,31.106444956365237,31.426555012632665,31.604288821908888,31.690133789147016,31.707878569585162,31.659272343154772,31.518875871910755,31.205020488216913,30.44537138659239,27.71595890326397,17.970020521637633,8.293303057799935,0.0
0.0,8.784562189265623,16.188031161692635,21.75308183457401,25.582566584218387,28.059680213468823,29.59791018854578,30.527986063687532,31.079470122204473,31.399458976885924,31.577063190446445,31.662688612631158,31.680029165075123,31.63067935406353,31.488893285437108,31.172286065353216,30.4064117418019,27.66039925037227,17.943067109704096,8.281323741574742,0.0
0.0,8.777939777694314,16.17428190725142,21.733668299210006,25.559451953509008,28.034466649088728,29.57163074545283,30.501212216984353,31.0524754411968,31.37234180830161,31.549815446713403,31.63522042846689,31.65215576428857,31.602061153101232,31.458884043053484,31.139524111149406,30.367432370454225,27.605007810832216,17.916166865583573,8.269372162264059,0.0
0.0,8.771323081632389,16.16053722419931,21.71425458838086,25.536331325261788,28.009241847498636,29.545336056019643,30.474420324932296,31.025460834628973,31.345203423495636,31.522545504408935,31.607729149189534,31.624258280930793,31.573417659494933,31.428848080219158,31.106734611841812,30.32843347336664,27.549785012495352,17.88931994864042,8.257448395299681,0.0
0.0,8.764712094699226,16.14679709775496,21.69484067629621,25.513204661692065,27.984005758997313,29.519026059823386,30.447610318327133,30.99842622664896,31.3180437419467,31.495253280112195,31.58021469026284,31.596336631738613,31.544748795705654,31.398785336028272,31.073917558143396,30.289415257355273,27.494731240346002,17.86252651509531,8.245552514868903,0.0
0.0,8.758106811206515,16.133061514602357,21.67542653924455,25.490071927485474,27.958758336560866,29.492700699207088,30.420782130757026,30.971371544199794,31.290862685930946,31.467938693218038,31.55267697001622,31.5683907364199,31.516054487371967,31.36869575316094,31.041072945210427,30.25037793523053,27.439846837631165,17.835786717830185,8.233684593826759,0.0
-9.587911552661814e-55,8.75150727654435,16.119330567812383,21.656012304119805,25.466933267100384,27.93349972991162,29.46636012264509,30.393935907663362,30.944296931031104,31.263660401075843,31.440601897180407,31.52511615944675,31.540420800243663,31.487335004653936,31.338579726248515,31.00820141283683,30.211322614865324,27.385137710575325,17.809092610241976,8.221842586444765,0.0
-4.7248251323407654e-55,8.744913382094994,16.105604029854657,21.636597644047367,25.443788283365308,27.908229495954757,29.440003857410137,30.367071155891914,30.91720187717563,31.236436359314844,31.413242339127425,31.49753166657824,31.512426165424483,31.458589575305403,31.308436280784555,30.97530164596836,30.172247690118937,27.33059257830481,17.782461025418712,8.210030929066102,0.0
9.449650256277953e-55,8.738325178129076,16.091882003970372,21.617182700290197,25.420637137832685,27.88294780303493,29.41363207137658,30.340188040686964,30.890086546478717,31.209190726748435,31.385860193634546,31.469923684701538,31.484407061647175,31.429818497773077,31.27826584688653,30.942374333286764,30.13315433589943,27.276217617877993,17.755883493813457,8.198247435310426,-2.672764710097836e-54
-3.0457373745731672e-55,8.73174266150568,16.078164482283565,21.59776745689433,25.397479804437612,27.85765461417486,29.387244717280083,30.313286506137548,30.862950876400923,31.181923436187652,31.358455390714308,31.442292142977095,31.456363419893005,31.401021709829504,31.248068381065416,30.909419487332354,30.094042788773365,27.22201301663164,17.729360153361174,8.186492171982641,0.0
-1.1419360957644575e-54,8.725165829669038,16.064451458179864,21.57835189971474,25.374316259279727,27.832349894753765,29.36084175029736,30.28636649880121,30.835794806876844,31.15463442292368,31.331027862882358,31.41463697312485,31.428295173817975,31.372199152144937,31.217843843168602,30.876437124899283,30.054913291194364,27.167978925452886,17.70289113794193,8.174765204215324,-6.681911775452306e-55
3.548134304474198e-54,8.718594680628168,16.05074292626764,21.558936016363678,25.35114648056459,27.80703361244576,29.33442312798376,30.259427967641766,30.80861828025338,31.127323624666808,31.30357754509718,31.386958109365093,31.400202259695376,31.34335076823268,31.18759219633013,30.843427266994826,30.01576609146726,27.11411545979054,17.676476577259987,8.163066595411985,8.156630584998156e-56
-5.594298863652024e-55,8.71202921293687,16.037038882339786,21.539519796159883,25.32797044854603,27.78170573715927,29.307988810211814,30.23247086396797,30.78142124122891,31.099990981486247,31.276104374700772,31.3592554883602,31.372084616359118,31.314476504395,31.15731340692118,30.81038993879792,29.97660144370791,27.060422700648118,17.65011659673397,8.151396407194968,2.0045735325691856e-54
8.666395578233304e-56,8.705469425674075,16.02333932333608,21.520103230078483,25.304788145469203,27.75636624097715,29.28153875911058,30.205495141372946,30.754203636793182,31.072636435750677,31.24860829135992,31.331529049156984,31.343942185147593,31.28557630966942,31.127007444500503,30.777325169616635,29.937419607798496,27.006900695558453,17.623811317397436,8.139754699357724,0.0
-2.141115528562016e-54,8.698915318424511,16.009644247306113,21.50068631070164,25.28159955551448,27.731015098097636,29.25507293900568,30.178500755674357,30.72696541616796,31.04525993206946,31.22108923700819,31.303778733129622,31.315774909848017,31.25665013577531,31.096674281764834,30.744232992844815,29.898220849338514,26.9535494595402,17.597560855809288,8.128141529821198,0.0
-2.0515621090078974e-56,8.692366891259729,15.995953653372862,21.481269032169983,25.258404664742205,27.705652284776214,29.228591316360394,30.151487664855516,30.69970653074857,31.01786141723482,31.193547155788814,31.27600448392346,31.28758273664159,31.22769793706111,31.06631389449957,30.711113445917977,29.8590054395919,26.900368976036987,17.571365323973843,8.116556954594321,0.0
1.305060893599705e-54,8.685824144719458,15.982267541696862,21.461851390134754,25.235203461038218,27.68027777926823,29.202093859717355,30.124455829007225,30.67242693404613,30.9904408401646,31.165981993998116,31.24820624739937,31.25936561404906,31.19871967045187,31.0359262615294,30.677966570268353,29.819773655430048,26.847359197838898,17.545224829269852,8.105001027738274,0.0
-1.2917635083675297e-55,8.679287079793266,15.96858591344087,21.442433381710682,25.21199593406016,27.65489156177235,29.175580539641164,30.097405210270367,30.645126581630603,30.962998151845884,31.138393700029805,31.220383971578823,31.231123492877018,31.169715295397282,31.005511364669164,30.644792411279266,29.78052577927114,26.794520047986943,17.519139474388165,8.093473801334383,8.156630584998156e-56
1.4885850817621634e-54,8.672755697902623,15.954908770735274,21.423015005429715,25.188782075184733,27.62949361437494,29.14905132866192,30.07033577277951,30.61780543107474,30.93553330527946,31.110782224320044,31.19253760658978,31.202856326164873,31.14068477382029,30.975069188674908,30.61159101823896,29.741262099016012,26.741851420660826,17.49310935727776,8.08197532545562,-2.672764710114453e-54
3.2626522339992623e-55,8.666230000883242,15.94123611664398,21.403596261195343,25.16556187745563,27.604083920995194,29.122506201219434,30.04324748260714,30.59046344189872,30.908046255424956,31.083147519293206,31.1646671046132,31.174564069132344,31.11162807006608,30.944599721195058,30.57836244429369,29.701982907980355,26.689353182049917,17.46713457109945,8.070505648141333,5.563809226031132e-68
7.129945492053e-55,8.659709990967768,15.927567955130936,21.384177150237843,25.14233533553241,27.578662467331153,29.095945133608435,30.016140307708863,30.563100575515683,30.88053695914687,31.055489539308475,31.136772419830358,31.14624667912777,31.082545150851722,30.914102952721922,30.545106746400393,29.662688504823876,26.637025171208105,17.44121520418729,8.059064815375256,-2.672764710091901e-54
-1.5776471412344706e-54,8.653195670768792,15.913904291027231,21.364757675070095,25.119102445640106,27.55322924080655,29.06936810392447,29.989014217869332,30.53571679517801,30.853005375161327,31.027808240607147,31.108853508370768,31.11790411557689,31.05343598521618,30.883578876543304,30.51182398527874,29.623379193476055,26.584867200892308,17.415351340016937,8.047652871066537,0.0
-6.526554686353039e-55,8.646687043262226,15.900245129998808,21.345337839444323,25.095863205519706,27.52778423051854,29.042775092010817,29.961869184649117,30.50831206592452,30.8254514639837,31.00010358126078,31.080910328261023,31.08953633993252,31.02430054447105,30.85302748869455,30.478514225362876,29.584055283059122,26.532879058385394,17.38954305718096,8.0362698570337,0.0
-2.8583388154953066e-56,8.640184111770953,15.886590478514716,21.325917648309442,25.07261761437946,27.502327427186227,29.016166079406087,29.9347051813323,30.48088635452839,30.79787518787699,30.97237552112007,31.052942839374225,31.06114331562469,30.995138802151708,30.82244878791072,30.44517753475263,29.544717087807996,26.48106050630318,17.363790429370514,8.02491581299137,8.156630584998156e-56
1.927675680051805e-55,8.63368687994886,15.872940343816014,21.30649710776926,25.049365672847014,27.476858823100105,28.989541049292807,29.90752218287504,30.45343962944598,30.770276510801057,30.944624021764568,31.024951003380302,31.03272500801169,30.965950733969148,30.791842775579237,30.41181398516447,29.50536492698765,26.42941128338624,17.338093525363295,8.013590776539697,0.0
1.835239928158406e-54,8.627195351765128,15.859294733885177,21.287076225041325,25.02610738292231,27.451378412072252,28.962899986446725,29.880320165854812,30.425971860766406,30.742655398362587,30.916849046453102,30.9969347836969,31.004281384331566,30.93673631776224,30.761209455692686,30.378423651882002,29.465999124807652,26.37793110527615,17.31245240901719,8.002294783156243,-6.681911775230492e-55
0.0,8.620709531488924,15.845653657416152,21.26765500841662,25.002842747931403,27.42588618938749,28.936242877187112,29.853099108420658,30.398483020162033,30.715011817765994,30.88905056007511,30.968894145441258,30.975812413654577,30.907495533450774,30.73054883480212,30.345006613706314,29.426620010334474,26.32661966527706,17.286867139269674,7.991027866190363,4.7477838728798994e-66
-2.61012178719941e-54,8.614229423674335,15.832017123784953,21.248233467219908,24.979571772481034,27.40038215175532,28.909569709327783,29.825858990244164,30.37097308083973,30.68734573776501,30.861228529102657,30.94082905538265,30.94731806683614,30.878228362988946,30.699860921970654,30.311562952905994,29.38722791740126,26.275476635102084,17.261337770142337,7.979790056859823,1.305060893599705e-54
3.915182680799115e-54,8.607755033145668,15.818385143020846,21.228811611770876,24.956294462414043,27.37486629726271,28.882880472129045,29.798599792471343,30.343442017492986,30.659657128615187,30.833382921543325,30.91273948189573,30.918798316470625,30.848934790319547,30.669145728727468,30.27809275516701,29.34782318451548,26.224501665605235,17.235864350750553,7.968581384249644,0.0
8.938602374110308e-55,8.60128636498307,15.8047577257781,21.209389453346002,24.933010824765606,27.349338625327775,28.8561751562505,29.771321497675338,30.31588980625486,30.63194596202717,30.805513706893848,30.884625394914554,30.890253136845807,30.819614801328722,30.638403269022184,30.244596109542307,29.308406154764437,26.173694387498738,17.210446925317786,7.9574018753130025,-1.3363823550461732e-54
-3.262652233999262e-54,8.594823424508421,15.791134883308327,21.18996700414117,24.909720867720303,27.32379913665428,28.82945375370466,29.74402408980999,30.28831642465177,30.60421221112082,30.777620856094625,30.856486765887453,30.86168250389809,30.790268383801397,30.607633559179714,30.211073108401408,29.26897717571879,26.12305441205612,17.18508553319453,7.946251554874127,0.0
2.773246584882728e-54,8.588366217271561,15.777516627433341,21.170544277234953,24.886424600569963,27.29824783318697,28.802716257811436,29.71670755416421,30.260721851558095,30.576455850380125,30.749704341484936,30.82832356773262,30.83308639516839,30.760895527377283,30.57683661785548,30.17752384737976,29.22953659933415,26.072581331801025,17.159780208881372,7.93513044563306,2.6401381890259765e-54
-1.1748071618399625e-54,8.58191474903685,15.763902970518652,21.151121286552733,24.863122033672383,27.272684718067797,28.7759626631535,29.68937187731726,30.233106067151642,30.548676855608978,30.721764136759067,30.800135774794523,30.80446478975882,30.731496223507595,30.546012465991144,30.14394842532817,29.190084781851073,26.022274721182217,17.1345309820562,7.924038568172214,9.495567745759799e-66
0.0,8.575469025769996,15.750293925447457,21.13169804683146,24.839813178410772,27.247109795592927,28.74919296553245,29.662017047094814,30.205469052869926,30.52087520388772,30.693800216923158,30.77192336280105,30.775817668290067,30.702070465412376,30.515161126770725,30.110346944262034,29.1506220836932,25.9721341372346,17.109337877605135,7.912975940964602,-3.2626522339992623e-55
-2.695037604273686e-54,8.569029053625192,15.736689505595214,21.112274573585182,24.816498047154134,27.221523071170672,28.722407161925876,29.634643052525924,30.177810791367282,30.493050873530574,30.665812558252902,30.74368630882149,30.747145012859534,30.672618248038482,30.484282625577293,30.0767195093107,29.11114886936402,25.922159120226713,17.084200915657114,7.901942580383685,-4.510394679235904e-65
-1.9779829168620527e-54,8.562594838932586,15.723089724804785,21.09285088307127,24.79317665321832,27.19592455128017,28.695605250445226,29.607249883800776,30.15013126647285,30.465203844043856,30.637801138252048,30.715424591225265,30.71844680700019,30.64313956801824,30.45337698995003,30.04306622866675,29.0716655073421,25.872349194294603,17.05912011162178,7.890938500714721,0.0
-3.3633550142917775e-55,8.556166388186012,15.709494597362095,21.073426992257357,24.769849010827947,27.17031424343097,28.668787230294534,29.579837532229313,30.122430463149332,30.437334096084978,30.60976593561168,30.687138189641434,30.68972303564022,30.61363442362874,30.422444249541865,30.009387213535366,29.032172369975033,25.82270386806243,17.034095476230604,7.879963714167531,-8.042437756811809e-56
1.3815608050948924e-54,8.549743708031041,15.695904137972363,21.054002918789035,24.74651513507915,27.144692156123423,28.641953101730028,29.5524059902007,30.094708367452625,30.409441611422373,30.581706930170352,30.658827084919007,30.660973685063343,30.584102814751873,30.39148443607762,29.975682578083774,28.99266983337215,25.773222635249887,17.009127015580944,7.869018230890643,-3.2626522339992623e-55
1.9371265082906624e-55,8.543326805253304,15.682318361736854,21.034578680958177,24.723175041903062,27.11905829880992,28.61510286602051,29.524955251143624,30.066964966492286,30.381526372896147,30.553624102874988,30.63049125908806,30.632198742869985,30.554544742834995,30.36049758331266,29.941952439390803,28.95315827729611,25.723904975266557,16.98421473118295,7.858102058986691,0.0
-1.8899300510182015e-54,8.53691568676713,15.668737284130197,21.015154297672044,24.699828748030118,27.09341268185693,28.58823652540862,29.49748530948739,30.039200248392774,30.35358836437956,30.5255174357426,30.602130695321563,30.603398197939068,30.52496021085223,30.329483726992056,29.908196917396502,28.91363808505343,25.674750353793318,16.959358620009002,7.847215204528986,9.495567745759799e-66
-7.068642805180338e-56,8.530510359604454,15.655160920978199,20.995729788423056,24.676476270955156,27.067755316507878,28.56135408307291,29.46999616062393,30.01141420225555,30.32562757074136,30.497386911822773,30.573745377898053,30.57457204039065,30.49534922326654,30.29844290481027,29.874416134851938,28.874109643384084,25.6257582233511,16.93455867454564,7.836357671579246,0.0
4.8939783509988934e-55,8.524110830904014,15.641589288436219,20.97630517325922,24.653117628903253,27.04208621484685,28.534455543090765,29.442487800870534,29.983606818122045,30.297643977808903,30.469232515161046,30.545335292165078,30.545720261549295,30.465711785992443,30.26737515637148,29.84061021726923,28.834573342350343,25.576928023857036,16.90981488284777,7.825529462206362,9.495567745759799e-66
-5.594298896601644e-55,8.517717107900829,15.628022402968048,20.95688047275533,24.629752840796424,27.01640538976313,28.507540910402167,29.414960227433546,29.955778086937354,30.2696375723321,30.44105423076299,30.516900424503426,30.51684285390818,30.436047906359445,30.23628052315037,29.806779292871674,28.795029575224753,25.528259183168103,16.885127228594918,7.814730576506138,0.0
8.156552456986034e-55,8.511329197915945,15.614460281325313,20.937455707984768,24.606381926220998,26.99071285491647,28.480610190774208,29.387413438372704,29.927928000514804,30.24160834194814,30.412852044559123,30.488440762292086,30.48793981109391,30.406357593076077,30.205159048453506,29.772923492544138,28.75547873837752,25.479751117612512,16.860495691149485,7.803961012621956,0.0
0.0,8.504947108346478,15.60090294052738,20.918030900492,24.583004905395786,26.965008624703234,28.453663390766476,29.359847432566422,29.900056551501297,30.213556275147017,30.384625943370597,30.459956293874026,30.459011127832145,30.376640856194747,30.174010777381255,29.739042949783645,28.71592123116327,25.431403232508885,16.835920245616744,7.793220766766297,0.0
-1.672109269924622e-54,8.498570846655904,15.587350397841792,20.89860607226579,24.55962179914106,26.93929271422333,28.42670051769726,29.332262209677864,29.87216373334349,30.18548136123791,30.356375914875695,30.43144700852275,30.43005679991397,30.346897707077193,30.14283575679034,29.70513780065025,28.67635745580741,25.383214922673513,16.811400862906538,7.782509833243051,0.0
-5.643455945597397e-55,8.492200420364636,15.573802670765204,20.879181245713042,24.536232628848243,26.913565139247947,28.39972157961055,29.304657770121814,29.844249540254822,30.157383590316304,30.32810194757716,30.40291289640962,30.401076824162953,30.317128158360696,30.11163403525696,29.671208183718214,28.63678781729203,25.335185572915695,16.786937509796505,7.771828204470575,0.0
2.797149442815648e-55,8.485835837040847,15.560259777004774,20.859756443633273,24.512837416450314,26.887825916188,28.372726585243782,29.277034115032293,29.81631396718317,30.1292629532319,30.299804030770165,30.3743539485719,30.372071198403013,30.287332223924924,30.080405663040413,29.637254240027378,28.59721272324148,25.287314558521334,16.762530148996586,7.761175871005411,6.525304467998525e-55
0.0,9.265272910299952,16.43705066993604,21.465046788512915,24.802540210517623,26.931420859591427,28.25421995568747,29.061339734981,29.544929764058406,29.82513150352367,29.97309260305077,30.026352414174458,29.99602215590037,29.86491482164979,29.572816991963716,28.977531926326026,27.75180910823,24.96934292520522,17.575064096361274,8.5652112014289,0.0
0.0,9.257660512372572,16.42135488865977,21.44320726074394,24.777284882678106,26.90466591242928,28.22694608914747,29.03391579501867,29.51739944747284,29.797383186268256,29.944943476319523,29.997589302512203,29.966434570308405,29.834352351327418,29.541296642603115,28.94535782518888,27.719309647787757,24.93442498269445,17.543633239487967,8.549456468872366,0.0
0.0,9.249908833563435,16.40551412272763,21.421279314206696,24.7519945301925,26.877911716369166,28.199694021788698,29.006525766699404,29.489910839090673,29.76968302757446,29.91684930552213,29.968889104104942,29.93691919701809,29.803872374619928,29.509868971859486,28.91328346495479,27.68690206630298,24.899515331884896,17.51206350428516,8.533536741893045,0.0
0.0,9.24201494169355,16.38952540059817,21.39926120606574,24.72666849699082,26.851158311630194,28.17246419013863,28.979170313828753,29.462464760194806,29.742031999006347,29.888811240092036,29.94025318769025,29.90747765877829,29.77347676585364,29.47853600642528,28.88131069224032,27.654587118593792,24.864611872116907,17.48035372927979,8.517450009026552,0.0
0.0,9.23397583738401,16.373385683555398,21.377151153547665,24.70130611032961,26.82440573610047,28.145257035998842,28.95185010929271,29.435062043335673,29.71443108530879,29.860830445021076,29.911682940731843,29.87811160100702,29.74316742627893,29.447299803156096,28.849441382799768,27.622365576275428,24.829712507394053,17.44850274507161,8.501194256599003,0.0
0.0,9.225788452475845,16.357091864371938,21.354947333401128,24.675906680800935,26.797654025608395,28.11807300680285,28.92456583542282,29.407703532683232,29.686881284756325,29.83290810122896,29.883179769837675,29.848822692284042,29.712946284651334,29.416162449720012,28.81767744214838,27.590238228237318,24.794815148404012,17.416509369692278,8.484767469488949,0.0
0.0,9.217449648421251,16.340640765966768,21.332647881382208,24.650469502385683,26.770903214247063,28.090912556029696,28.897318184416708,29.380390084432996,29.659383609554805,29.805045405984675,29.854745101230215,29.819612624897616,29.68281529787123,29.38512606531494,28.786020806274003,27.558205881266527,24.759917714940322,17.38437240276522,8.46816763185951,0.0
0.0,9.208956214647188,16.324029140062574,21.310250891774082,24.624993852562717,26.74415333476467,28.063776143686955,28.870107858828085,29.353122567280465,29.631939086310172,29.777243573394525,29.826380381283936,29.790483115460887,29.652776451699054,29.35419280147351,28.7544734424621,27.526269360856645,24.725018138813628,17.35209061815473,8.451392727844663,0.0
0.0,9.20030486689441,16.307253665850453,21.287754416952698,24.59947899248841,26.717404419037347,28.036664236880647,28.84293557214447,29.32590186298253,29.604548756583487,29.749503834976164,29.79808707714992,29.76143590561883,29.622831761568534,29.323364842981224,28.723037350266903,27.494429512251507,24.69011436736171,17.3196627546982,8.434440742167377,0.0
0.0,9.191492245533125,16.290310948669237,21.265156467012076,24.57392416726493,26.690656498646018,28.00957731049576,28.815802049477323,29.298728867031254,29.577213677557854,29.72182744034479,29.769866677494438,29.732472762873797,29.59298327352829,29.292644408942603,28.691714562672292,27.46268720178996,24.65520436770318,17.287087504488284,8.4173096606609,0.0
0.0,8.415935747259798,15.411738186406218,20.646970186206442,24.256574656384647,26.605784377505323,28.07679029922924,28.974077063032237,29.509816668393434,29.82061247724322,29.98905710961743,30.060523367068154,30.052982422354535,29.958937872335664,29.73504751353185,29.25913571012616,28.149996920872084,24.738218746482563,16.518022721071482,7.653718721190821,0.0
0.0,8.40925779997372,15.397761625896875,20.627192964348644,24.232909018492958,26.57981573674905,28.049579174764357,28.946238089758452,29.481662733036124,29.792270500123546,29.960536842878273,30.031744832012656,30.023767203320293,29.928957795058487,29.7036982540767,29.22523869913883,28.11116892336778,24.69460870621743,16.492466183488666,7.642575075498777,0.0
0.0,8.402539078315773,15.383719247718348,20.607360330410547,24.209204868447486,26.553820637125693,28.0223483512828,28.918382727414695,29.45349383454054,29.763914054862614,29.932002184787184,30.002951845333804,29.99453757527742,29.898963914691457,29.672337642436638,29.191338487609304,28.07236362811477,24.65104221355948,16.46710403961253,7.6315348276630885,0.0
0.0,8.39578947812513,15.36962236621946,20.587480164092547,24.1854665299702,26.527800859368273,27.995098019506905,28.890510238427254,29.42530871439388,29.73554159673177,29.9034514327548,29.974142610770997,29.96529166914118,29.86895426518512,29.640963505052255,29.157432354092037,28.03357685833472,24.607515716426263,16.441928264592914,7.620594115587648,0.0
0.0,8.389017473947034,15.355480736103974,20.567559298255613,24.161697788936454,26.501758007859543,27.96782842018376,28.862620068067045,29.39710637220803,29.707151881474882,29.874883209439677,29.945315674046523,29.936027973277728,29.83892725903112,29.609574084262945,29.123518068681513,27.994805094375586,24.56402633787751,16.41693112405495,7.609749094153147,0.0
0.0,8.38223035327983,15.341302798244316,20.547603679175502,24.137901972954758,26.47569353358968,27.94053983165893,28.834711811254675,29.368886020757508,29.678743913752903,29.8462964073781,29.91646986496434,29.906745273282763,29.80888162385026,29.578167969320123,29.089593813714124,27.956045376005836,24.520571792653307,16.39210514230735,7.5989959326752174,0.0
0.0,8.375434409211008,15.327095883674449,20.527618499992403,24.114082017625527,26.449608753126608,27.913232559272846,28.806785184597064,29.34064704817975,29.6503169038287,29.817690142470212,29.887604248765424,29.877442601381873,29.778816349121147,29.546744038490445,29.055658117388738,27.91729522094242,24.477150319269427,16.36744307839549,7.588330815927698,0.0
0.0,8.36863509939844,15.312866383467469,20.50760831221815,24.090240521880034,26.42350486431391,27.88590692624844,28.778840002709824,29.312388986043455,29.621870231002386,29.789063714720534,29.85871808506508,29.848119193712517,29.7487306412182,29.515301410252068,29.02170979798355,27.878552556669344,24.433760624609217,16.342937908379746,7.577749947943087,0.0
0.0,8.361837177695827,15.298619890653175,20.48757711919985,24.066379794331354,26.39738295927773,27.85856326581268,28.750876158076316,29.28411148225671,29.593403412612854,29.760416574959155,29.82981079304038,29.81877445410352,29.71862388530147,29.483839401991606,28.9877479168125,27.839815663186585,24.39040183856879,16.31858281254258,7.567249557939473,0.0
0.0,8.355044803436734,15.284361319118762,20.46752845468338,24.042501892199446,26.371244035217448,27.83120191435149,28.72289360384638,29.255814277993167,29.56491607765797,29.731748296524263,29.800881921802013,29.78940792324425,29.688495612890783,29.452357494924673,28.953771738427687,27.80108312478611,24.347073476800045,16.29437116648418,7.556825907833944,0.0
0.0,8.353540195575713,15.277004481388168,20.45188168368822,24.020183574425644,26.34464480526303,27.802143397039156,28.692506322741206,29.22472523941265,29.53343755552985,29.700003103789218,29.76887035927492,29.75703239678567,29.655557379350704,29.418556315035914,28.918871242503297,27.765612531913042,24.317415013727864,16.262827583095202,7.544214574623663,0.0
0.0,8.347305866490224,15.263572328387202,20.43246354165887,23.996661751010546,26.3186545328742,27.7747986031632,28.664461534195233,29.19631940887625,29.504812990772596,29.671177133324854,29.739764481143958,29.727463961083767,29.625187071332714,29.3867579352374,28.884423028030607,27.726025481355506,24.272856470108454,16.23963096640737,7.534199861592074,0.0
0.0,8.341077543104793,15.250145415482557,20.413045977943675,23.97313445044007,26.292653073151065,27.747438050677847,28.636397659725493,29.1678921897231,29.47616546178774,29.64232708848344,29.710633699378146,29.697869994016077,29.594790919384973,29.354934378537852,28.849954203957992,27.68644269302176,24.228440001119626,16.216489257988595,7.524213972934022,0.0
0.0,8.334855233722196,15.236723763853512,20.393629022109092,23.949601704304676,26.26664045420024,27.720061761227925,28.608314714046855,29.139443590981273,29.44749497418737,29.613452974555827,29.68147802326251,29.66825051565427,29.56436896666659,29.32308573684811,28.815464973136713,27.646864629311672,24.184164907149974,16.19340223352554,7.514256828883407,0.0
0.0,8.328638946342538,15.22330739419896,20.37421270325641,23.926063543808446,26.240616703813934,27.692669756190405,28.580212711630182,29.110973621445368,29.418801533356547,29.58455479661508,29.65229746188076,29.638605545893746,29.533921256187096,29.291212101912205,28.780955537901274,27.60729174895408,24.140030481766907,16.170369680067942,7.504328353138624,0.0
0.0,8.322428688701233,15.209896326786051,20.3547970500657,23.902519999807254,26.21458184950412,27.66526205670627,28.552091666733254,29.082482289707656,29.390085144485855,29.55563255955201,29.62309202415622,29.608935104504226,29.503447830874798,29.25931356541031,28.746426100249373,27.56772450738332,24.096036012471984,16.14739139461288,7.494428472339019,0.0
0.0,8.316224468304162,15.196490581496022,20.335382090836074,23.878971102842254,26.188535918531255,27.637838683706487,28.523951593425615,29.053969604182985,29.361345812597467,29.526686268103873,29.593861718885474,29.57923921117218,29.472948733635157,29.22739021904834,28.711876862000032,27.528163357068046,24.052180781419796,16.124467182831115,7.484557115594903,0.0
0.0,8.310026292459721,15.183090177867024,20.31596785352241,23.85541688316902,26.162478937928103,27.610399657932845,28.495792505608,29.025435573128085,29.33258354256552,29.497715926877138,29.564606554765568,29.549517885536027,29.442424007400515,29.195442154635714,28.677308024932515,27.4886087477977,24.008464066102572,16.101596857920168,7.474714214066228,0.0
0.0,8.303834168307565,15.169695135133841,20.29655436576868,23.831857370782867,26.136410934519382,27.582944999954314,28.46761441702726,28.996880204656264,29.303798339131667,29.46872154036525,29.535326540415834,29.519771147215206,29.411873695172353,29.163469464153074,28.642719790908465,27.44906112693131,23.96488514000281,16.07878023957151,7.464899700585996,0.0
0.0,8.29764810284377,15.156305472264176,20.27714165493786,23.80829259544039,26.11033193493742,27.55547473017933,28.43941734128704,28.968303506747816,29.274990206916286,29.4397031129618,29.506021684394824,29.489999015833725,29.381297840056835,29.13147223981067,28.608112361978765,27.40952093961192,23.92144327321561,16.056017153040965,7.455113509324717,0.0
0.0,8.2914681029422,15.14292120799138,20.257729748138473,23.78472258667767,26.08424196563441,27.527988868864615,28.411201291855026,28.939705487256926,29.246159150426045,29.410660648969884,29.476691995213013,29.46020151103895,29.35069648529443,29.099450574098736,28.57348594047673,27.36998862894985,23.878137733042696,16.033307428313435,7.445355575492995,0.0
0.0,8.285294175371952,15.129542360843411,20.238318672247814,23.761147373825263,26.058141052891454,27.500487436120874,28.382966282067038,28.911086153915402,29.21730517405827,29.381594152608116,29.44733748134195,29.43037865251618,29.320069674284383,29.06740455983044,28.538840729098737,27.330464636177066,23.834967784559563,16.01065089935422,7.4356258350793,0.0
0.0,8.279126326810722,15.116168949167898,20.21890845393185,23.737566986020177,26.032029222824892,27.47297045191577,28.35471232512849,28.882445514333746,29.18842828210253,29.35250362801371,29.417958151220123,29.400530459999533,29.2894174506044,29.035334290178184,28.504176930973273,27.290949400774775,23.791932691157367,15.98804740344056,7.425924224620609,0.0
0.0,8.27296456385406,15.102800991153176,20.199499119661823,23.71398145221505,26.00590650138999,27.44543793607459,28.326439434113553,28.853783575999977,29.159528478739965,29.323389079243153,29.38855401325615,29.37065695327955,29.258739858026185,29.003239858703704,28.46949474971901,27.25144336057574,23.749031715060738,15.965496780567591,7.416250681003415,0.0
0.0,8.266808893020402,15.089438504845193,20.180090695727586,23.69039080118465,25.97977291438242,27.417889908278752,28.29814762196236,28.82510034627653,29.130605768040585,29.294250510270704,29.35912507582955,29.34075815220791,29.22803694052711,28.971121359382508,28.434794389492737,27.211946951842894,23.706264117822812,15.942998872924086,7.406605141293033,0.0
0.0,8.667303254567333,15.785892227728272,20.77824754378894,24.05049148643367,26.129372907851753,27.4224417961677,28.212459812397057,28.684195515512382,28.95294951425698,29.08688928338941,29.121590637103182,29.067004473464333,28.906239111626824,28.58207396154228,27.957680136266074,26.708257346209148,23.83823071139557,15.935240735648637,7.385067222522111,0.0
0.0,8.661661217430515,15.783008311644188,20.77078721012421,24.035019720999625,26.10717332534662,27.395782351171235,28.183096250806553,28.653155476136536,28.920691123316715,29.053490669489573,29.086884747841893,29.030654915033576,28.86777696947474,28.54096013197619,27.913664748761597,26.66304807813,23.797337329248002,15.92182395418013,7.383119699543878,0.0
0.0,8.655432655366436,15.779604457338175,20.763032340508367,24.01942935743165,26.084974276240214,27.369198400165427,28.153851777298314,28.622257616450465,28.888585658231506,29.02024917405916,29.052338202082467,28.994470192124368,28.82949719365625,28.500074922079193,27.86998112328416,26.61834378105125,23.7568933696991,15.907852119190412,7.3805778345196495,0.0
0.0,8.648625465355993,15.775694672386834,20.754995233476826,24.003728368294713,26.06277989956532,27.342691426078176,28.12472627237228,28.59150098382722,28.856631851688086,28.987163548351063,29.01794995838165,28.958449503928904,28.791399008825866,28.45941688333979,27.826625460624435,26.574134795641175,23.716880907039528,15.89332413432846,7.377433972438277,0.0
0.0,8.641246548015001,15.771291872539333,20.746687421043436,23.98792427828724,26.040594113366076,27.316262834619,28.095719623957415,28.560884679345275,28.824828512683027,28.954232628601364,28.983719061770838,28.92259213639923,28.753481733392356,28.41898468871265,27.783594160960206,26.530411850427768,23.677282667327407,15.878239704495236,7.373681407681962,0.0
0.0,8.633301872060535,15.766407954155436,20.738119718605457,23.972024191205563,26.018420624995894,27.289913953921314,28.066831720713814,28.530407847509085,28.793174514322278,28.92145532286776,28.94964463015154,28.88689744839764,28.71574476530569,28.378777117515416,27.740883806493898,26.487166036632097,23.638081989001805,15.862599306678566,7.36931437052058,0.0
0.0,8.624796532708409,15.761053860157528,20.729302270616667,23.956034814824697,25.99626294085061,27.26364603457658,28.03806244629262,28.500069667249495,28.76166878307935,28.888830599425663,28.91572584230636,28.85136485950786,28.6781875695623,28.338793042138334,27.698491146049108,26.444388785265176,23.599262786837144,15.846404161579473,7.364328012229325,0.0
0.0,8.615734804646976,15.755239640149432,20.720244592442864,23.93996248389702,25.974124375589298,27.23746025001922,28.00941167445704,28.469869344075633,28.730310289366347,28.856357476566068,28.881961927364248,28.815993839340557,28.640809667255766,28.299031416382753,27.656413081423977,26.402071846253275,23.56080951892334,15.829656205947401,7.358718388954199,0.0
0.0,8.606120190155018,15.748974505274864,20.710955608760372,23.923813181441915,25.95200806088561,27.211357697223143,27.980879264977162,28.43980610326354,28.6990980392877,28.824035013657028,28.848352155576652,28.780783898186474,28.60361062602114,28.25949126526789,27.614646655323913,26.360207269383398,23.52270715639274,15.81235806555778,7.352482444449655,0.0
0.0,8.595955462868792,15.742266878326385,20.701443688819875,23.907592558481323,25.929916953748034,27.185339397674763,27.95246506021967,28.409879183977875,28.668031067459413,28.791862303343777,28.814895830275333,28.745734578884274,28.56659005173528,28.220171676159577,27.57318904071366,26.31878738688211,23.48494115564181,15.794513028781076,7.345617991813672,0.0
0.0,8.585242707644989,15.735124439559575,20.691716678863973,23.891305952360057,25.90785384444256,27.15940629858971,27.924168882360412,28.380087834232267,28.63710843078693,28.759838464773843,28.781592280894266,28.710845449782273,28.529747581348165,28.181071791088304,27.532037531442427,26.2778047974583,23.44749743282587,15.776125020707475,7.3381236943467645,0.0
0.0,8.573983356917282,15.727554168615178,20.68178193195162,23.874958403771128,25.88582136404562,27.133559274342698,27.89599053115492,28.350431306603824,28.606329203106117,28.727962637745915,28.748440856950804,28.676116098686688,28.493082876733975,28.14219080013897,27.491189534013248,26.237252351659738,23.410362340426413,15.757198577799828,7.329999045656633,0.0
0.0,8.562178223901926,15.719562382912185,20.671646335420228,23.858554672597155,25.863821991653648,27.1077991280833,27.867929782207433,28.320908854624157,28.575692470600096,28.696233977689154,28.715440922889645,28.64154612769714,28.456595619459097,28.103527935803164,27.45064256037723,26.197123138406436,23.373522645711446,15.737738823058926,7.321244349129921,0.0
0.0,8.549827532968525,15.71115477283123,20.661316336185568,23.84209925266202,25.841858061269356,27.0821265935109,27.839986385684394,28.291519729777143,28.545197327912845,28.6646516513899,28.68259185370372,28.60713514884163,28.4202855063766,28.065082468198195,27.41039422164763,26.157410472578725,23.33696551093034,15.717751441691098,7.31186069688597,0.0
0.0,8.536930947461256,15.70233643397986,20.65079796406478,23.825596385481514,25.819931768384972,27.056542336785572,27.812160065422866,28.26226317903917,28.514842874887716,28.633214833388468,28.64989303125219,28.572882780428746,28.384152245961907,28.02685370106274,27.370442222635546,26.118107883548713,23.300678475097158,15.697242657274595,7.30184994832571,0.0
0.0,8.52348759522434,15.693111896795408,20.64009685328298,23.80905007308825,25.79804517627798,27.031046958552412,27.784450518389047,28.233138442904124,28.484628213865555,28.601922702977806,28.617343841204836,28.53878864404504,28.348195555315108,27.988840968450475,27.330784357121413,26.079209104556007,23.264649437234404,15.676219208426074,7.291214708380374,0.0
0.0,8.509496092062971,15.683485153719811,20.629218262311152,23.792464090001072,25.776200222034106,27.005640996059036,27.756857414445818,28.20414475384014,28.454552447483163,28.570774441740284,28.58494367054729,28.50485236212987,28.312415157760285,27.951043632047956,27.291418503781973,26.040708062836813,23.228866640960952,15.654688325971826,7.279958305561446,0.0
0.0,8.494954563346932,15.673459684154873,20.618167092166814,23.775841994400544,25.754398722310253,26.980324925347322,27.729380396391242,28.175281335129426,28.42461467691728,28.539769231565042,28.552691905587402,28.47107355606694,28.27681078097876,27.91346107905022,27.252342622700805,26.002598870425103,23.193318660319086,15.632657710630854,7.268084769905542,0.0
0.0,8.479860663944638,15.663038477385097,20.60694790329426,23.759187138565608,25.732642378848176,26.95509916350218,27.70201908023435,28.14654740004769,28.39481400052539,28.508906253094228,28.520587930409448,28.437451844737662,28.241382155619956,27.876092720534896,27.2135547523976,25.964875815552535,23.15799438674619,15.61013551121884,7.255598810901963,0.0
0.0,8.144989341974606,14.823380505073319,19.792165663008145,23.21755332326234,25.454860441729142,26.86370055121704,27.72835450405037,28.246971495418084,28.547342292761446,28.706435726959036,28.765345960281778,28.73749549459738,28.608722573797706,28.32383547948738,27.737273044597995,26.424669757607166,22.87782414582915,15.503884699871534,7.219480113401377,0.0
0.0,8.138962578971254,14.810136936804408,19.77278228724436,23.19386163573057,25.428504365282972,26.835831018556032,27.699668017715137,28.21784251836314,28.51793914614254,28.676793361695278,28.735397946910147,28.707069988239965,28.577498045687022,28.291233482877303,27.702238016721882,26.385471068018717,22.837693285653963,15.482459408840644,7.210408012751624,0.0
-1.6036588260553174e-50,8.13294197759497,14.796899158971607,19.753400328931342,23.170165404355703,25.402137943247403,26.80794636830389,27.67096286184671,28.188692382837637,28.488513157532015,28.647127047561504,28.70542531618447,28.676619644578135,28.54624921465259,28.258609583630918,27.66718939411021,26.34629102370995,22.79768029354978,15.46108348573749,7.201362461188549,0.0
0.0,8.126927539556027,14.78366718327931,19.734019808270443,23.146464652914727,25.375761197616697,26.780046617245098,27.642239047079574,28.15952109434541,28.45906432966921,28.6174367880447,28.67542807740922,28.646144486668312,28.51497613133392,28.225963886795746,27.632127391821108,26.30713000979184,22.757784495789746,15.439756770671345,7.192343386168185,0.0
0.0,8.120919266402174,14.77044102118598,19.71464074521536,23.122759404980172,25.349374150232364,26.75213178205273,27.6134965839656,28.130328658330598,28.429592665260465,28.587722586639664,28.64540623996267,28.615644537743766,28.483678846695955,28.193296497908786,27.597052225257062,26.267988408647824,22.718005222204944,15.418479103219129,7.183350714720613,0.0
-1.9517185976338175e-51,8.114917159518445,14.75722068390314,19.695263159470603,23.099049683918413,25.32297682278159,26.72420187928723,27.584735482973127,28.101115080176942,28.40009816697862,28.55798444684863,28.615359813296333,28.585119821213397,28.45235741202608,28.160607522988336,27.561964110141222,26.22886659988411,22.67834180623086,15.397250322460565,7.174384373465828,0.0
-1.5493682928815697e-50,8.108921220127007,14.744006182394463,19.675887070490063,23.075335512888124,25.29656923679588,26.696256925395254,27.555955754486114,28.07188036520726,28.37058083746263,28.528222372180917,28.58528880693451,28.55457036066071,28.421011878931267,28.127897068525975,27.52686326249399,26.189764960281497,22.63879358495043,15.376070267012352,7.165444288629197,0.0
0.0,8.10293144928706,14.730797527374925,19.65651249747568,23.051616914838853,25.270151413649767,26.668296936708785,27.52715740880356,28.042624518683088,28.341040679317445,28.498436366152873,28.555193230474085,28.523996179842992,28.389642299335453,28.09516524147872,27.49174989860982,26.150683863748693,22.599359899133912,15.35493877506141,7.156530386056603,0.0
0.0,8.096947847894777,14.717594729310093,19.637139459376357,23.02789391250984,25.243723374559867,26.6403219294444,27.498340456139122,28.013347545804567,28.311477695114064,28.468626432288044,28.525073093584542,28.493397302690727,28.358248725477146,28.062412149261466,27.45662423503445,26.111623681277226,22.560040093275784,15.333855684397244,7.147642591229224,0.0
0.0,8.090970416683282,14.704397798415469,19.617767974886824,23.004166528428893,25.217285140583947,26.612331919702743,27.469504906620873,27.984049451710526,28.281891887389804,28.438792574117475,28.494928406008167,28.462773753307168,28.326831209907162,28.02963789973951,27.421486488542275,26.07258478089778,22.520833515628503,15.312820832443364,7.138780829277971,0.0
-1.4700205905507076e-50,8.084999156222688,14.691206744655949,19.598398062446833,22.980434784911523,25.19083673262029,26.584326923468186,27.44065077029136,27.95473024147877,28.252283258648795,28.40893479518033,28.4647591775605,28.43212555596818,28.29538980548666,27.996842601221406,27.386336876114147,26.033567527638187,22.48173951823361,15.291834056287891,7.129945024997615,0.0
0.0,8.079034066920142,14.678021577745332,19.57902974024029,22.956698704060123,25.16437817140714,26.556306956608655,27.41177805710773,27.925389920126534,28.222651811362653,28.3790530990246,28.434565418130923,28.40145273512224,28.26392456538529,27.964026362451918,27.35117561491538,25.994572283482782,22.442757456949842,15.270895192713203,7.12113510286054,0.0
-8.018294130276587e-51,8.073075149019937,14.664842307145921,19.55966302619461,22.932958307763332,25.13790947752233,26.528272034875606,27.382886776942076,27.896028492611098,28.192997547971274,28.349147489208022,28.40434713768344,28.370755315390564,28.232435543079514,27.931189292605115,27.316002922274,25.955599407333295,22.403886691478654,15.250004078224778,7.1123509870301955,0.0
0.0,8.067122402603637,14.6516689420682,19.54029793798012,22.909213617695535,25.111430671383065,26.50022217390416,27.353976939581965,27.86664596383062,28.163320470883892,28.319217969299196,28.374104346257678,28.340033321567493,28.200922792351136,27.898331501277728,27.280819015659333,25.91664925497126,22.365126585387156,15.229160549079158,7.103592601374217,0.0
0.0,8.06117582759024,14.638501491470585,19.520934493009612,22.88546465531648,25.084941773245813,26.472157389213447,27.32504855473111,27.837242338625124,28.13362058248028,28.289264542878893,28.343837053970024,28.309286778621022,28.169386367285988,27.865453098482625,27.24562411266086,25.877722179021863,22.326476506128532,15.208364441311119,7.094859869477234,0.0
0.0,8.055235423736393,14.625339964059211,19.501572708437923,22.861711441870973,25.05844280320637,26.444077696206982,27.29610163201016,27.807817621777595,28.103897885112065,28.259287213541437,28.313545271014906,28.278515711693455,28.137826322272716,27.832554194642395,27.210418430967227,25.838818528919187,22.287935825059993,15.187615590759966,7.086152714653345,0.0
-7.741153488987295e-51,8.049301190636589,14.61218436828782,19.482212601161677,22.837953998388734,25.031933781199996,26.415983110173286,27.26713618095769,27.778371818015277,28.07415238110424,28.229285984896322,28.28322900766626,28.24772014610224,28.10624271200179,27.799634900583126,27.175202188345626,25.799938650873003,22.24950391745843,15.166913833095045,7.077471059958294,0.0
1.3363823550460978e-51,8.043373127723441,14.599034712357684,19.462854187819058,22.814192345684354,25.005414727001757,26.387873646286582,27.238152211031288,27.748904932011104,28.04438407275681,28.199260860569964,28.25288827427917,28.216900107340955,28.0746355914646,27.76669532752833,27.13997560262134,25.761082887836892,22.21118016253383,15.146259003840477,7.068814828201349,0.0
1.4700205905507076e-50,8.037451234267944,14.585891004217569,19.4434974847897,22.79042650435733,24.978885660226876,26.359749319607626,27.209149731608814,27.719416968385264,28.014592962346608,28.16921184420758,28.222523081291563,28.186055621080406,28.043005015952684,27.733735587092948,27.104738891657586,25.722251579477838,22.17296394344048,15.125650938399064,7.060183941956857,5.345529420184391e-51
0.0,8.031535509379784,14.572753251563798,19.42414250819462,22.766656494792187,24.95234660033128,26.33161014508466,27.18012875198974,27.689907931706877,27.98477905212919,28.13913893947522,28.192133439226144,28.155186713169908,28.01135104105714,27.700755791277537,27.06949227333556,25.68344506214717,22.13485464728613,15.105089472075505,7.05157832357553,0.0
0.0,8.025625952007662,14.559621461840312,19.404789273896263,22.742882337158733,24.925797566612193,26.303456137554466,27.151089281396633,27.66037782649582,27.9549423443409,28.109042150061885,28.161719358692395,28.124293409638614,27.97967372266806,27.667756052462497,27.034235965534705,25.644663668852925,22.096851665139067,15.084574440098754,7.042997895195407,0.0
0.0,8.01972256093963,14.546495642238801,19.38543779749857,22.719104051412355,24.899238578208877,26.275287311743558,27.122031328976764,27.630826657224684,27.92508284120105,28.07892147968184,28.1312808503887,28.09337573669704,27.947973116974165,27.634736483402513,26.99897018611324,25.60590772923354,22.05895439203335,15.064105677643752,7.034442578752572,0.0
-1.925760089541602e-51,8.013825334806926,14.533375799701354,19.366088094345255,22.69532165729259,24.872669654102783,26.247103682269614,27.092954903804355,27.601254428321493,27.89520054491489,28.048776932077576,28.10081792510505,28.062433720738902,27.91624928046249,27.601697197220602,26.96369515288791,25.567177569531452,22.021162226971803,15.043683019851018,7.025912295991151,0.0
-2.0045735325691467e-51,8.007934272327272,14.520261941091452,19.3467401793807,22.67153517418924,24.846090813072358,26.218905263655643,27.063860014923275,27.571661144222162,27.865295457725512,28.01860851106534,28.0703305937582,28.031467388362017,27.88450226991943,27.56863830737826,26.928411083548554,25.528473512469375,21.983474572907234,15.023306301744753,7.0174069684425575,0.0
1.5368397083030125e-50,8.002049371550878,14.50715407265799,19.327394067568893,22.647744621546114,24.81950207382995,26.190692070290467,27.034746671224646,27.542046809221432,27.835367581768647,27.98841622041076,28.039818867299264,28.00047676631774,27.852732142434206,27.53555992775359,26.893118195851923,25.48979587754665,21.945890836809262,15.002975358550138,7.0089265175252775,0.0
-1.6036588260553174e-50,7.996170630628099,14.494052200585308,19.308049773481347,22.62395001846489,24.79290345489119,26.16246411647274,27.005614881572352,27.51241142762421,27.80541691921954,27.95820006395427,28.00928275680613,27.96946188155936,27.820938955388375,27.50246217254457,26.85781670738143,25.45114498068843,21.9084104295926,14.982690025426058,7.000470864467973,2.6727647100921956e-51
-3.38381898133941e-51,7.990298047550739,14.480956330806713,19.288707311432322,22.600151383835392,24.766294974618482,26.13422141639803,26.976464654764424,27.48275500369934,27.775443472248888,27.927960045574576,27.978722273457915,27.93842276123057,27.789122766461585,27.469345156296832,26.822506835605136,25.412521134338913,21.87103276613745,14.962450137574983,6.992039930346643,6.681911775230489e-52
6.681911775230489e-52,7.984431620152515,14.467866469004775,19.26936669547921,22.5763487363363,24.73967665122216,26.10596398416048,26.94729599953515,27.453077541682127,27.745447243025644,27.897696169191548,27.948137428537727,27.907359432667498,27.75728363363167,27.436208993898543,26.7871887978575,25.373924647442905,21.833757265284593,14.942255530260493,6.983633636093685,0.0
0.0,7.978571346109522,14.454782620611768,19.25002793942301,22.552542094435932,24.71304850276177,26.07769183375461,26.918108924557377,27.423379045776993,27.715428233719912,27.867408438769235,27.91752823343554,27.876271923400953,27.725421615174923,27.40305380057545,26.75186281132141,25.33535582542868,21.79658334982909,14.92210603882419,6.975251902506739,0.0
2.5057169157114334e-52,7.972717222940687,14.441704790809986,19.23069105680879,22.52873147639306,24.686410547147347,26.049404979077153,26.888903438444785,27.39365952016015,27.68538644650589,27.837096858318933,27.886894699651087,27.845160261158625,27.693536769666366,27.369879691885902,26.71652909301035,25.29681497019199,21.759510446512493,14.902001498701985,6.966894650257279,3.3409558876152446e-52
3.09664848833338e-50,7.966869248008244,14.428632984532172,19.211356060926164,22.504916900257687,24.6597628021407,26.021103433928836,26.859679549754215,27.363918968982322,27.655321883564866,27.806761431902277,27.856236838796843,27.81402447386734,27.66162915598001,27.336686783715912,26.68118785975068,25.258302380081254,21.722537986013744,14.881941745439706,6.958561799898935,0.0
6.681911775230489e-52,7.9610274185182455,14.415567206461988,19.19202296480991,22.48109838387208,24.63310528535696,25.992787212016502,26.83043726698822,27.33415739637169,27.625234547088443,27.776402163634565,27.825554662601153,27.782864589655556,27.629698833289375,27.303475192274444,26.64583932816433,25.219818349884132,21.685665402938934,14.861926614708246,6.950253271875636,0.0
0.0,7.955191731521024,14.402507461034403,19.172691781240466,22.45727594487154,24.60643801426587,25.96445632695493,26.80117659859745,27.304374806436666,27.59512443928156,27.74601905768793,27.7948481829113,27.751680636855667,27.59774586106781,27.27024503408849,26.61048371465138,25.181363170814983,21.64889213580961,14.841955942317972,6.941968986529458,2.6727647100921956e-51
0.0,7.949362183911717,14.389453752436191,19.153362522744533,22.433449600685485,24.579761006193337,25.936110792268984,26.771897552983265,27.274571203268923,27.564991562365854,27.715612118294786,27.764117411696734,27.72047264400656,27.565770299089046,27.236996425998417,26.575121235373047,25.14293713050371,21.61221762705017,14.822029564232686,6.9337088641083024,6.681911775230489e-52
-4.0091470651382935e-51,7.94353877243076,14.376406084606401,19.134035201595733,22.409619368538383,24.55307427832297,25.907750621395675,26.742600138500336,27.244746590946427,27.534835918582907,27.68518134975119,27.733362361052347,27.68924063985616,27.533772207427702,27.203729485153215,26.539752106234765,25.10454051298565,21.575641322974004,14.802147316582989,6.925472824773323,0.0
0.0,7.937721493664399,14.36336446123683,19.11470982981519,22.38578526545079,24.526377847697614,25.879375827686292,26.71328436345928,27.214900973536444,27.504657510197603,27.654726756420324,27.702583043201727,27.657984653363965,27.501751646459848,27.170444329005864,26.50437654286941,25.066173598692522,21.539162673768594,14.782309035679067,6.917260788606134,0.0
1.3363823550460978e-51,7.931910344045218,14.350328885772552,19.095386419172236,22.3619473082404,24.499671731220946,25.850986424408585,26.683950236129387,27.185034355098725,27.47445633950155,27.62424834273605,27.67177947050059,27.626704713703752,27.469708676863622,27.137141075308673,26.468994760620753,25.027836664444603,21.502781133479722,14.762514558023032,6.9090726756158505,-6.681911775230489e-52
0.0,7.926105319852639,14.33729936141237,19.076064981184988,22.33810551352307,24.47295594565907,25.82258242474894,26.65459776474131,27.15514673968861,27.4442324088165,27.593746113206393,27.640951655440087,27.595400850266138,27.43764335961978,27.103819842108642,26.43360697452702,24.98952998344382,21.466496159994563,14.742763720320658,6.900908405745852,0.0
1.941930609676361e-51,7.920306417213455,14.32427589110939,19.056745527121127,22.314259897713967,24.44623050764219,25.794163841814647,26.62522695748989,27.12523813136028,27.413985720497895,27.56322007241727,27.610099610650355,27.564073092661392,27.40555575601244,27.070480747742952,26.39821339930468,24.95125382526803,21.430307215024055,14.723056359492706,6.892767898880427,0.0
-5.546493170069314e-54,7.9145136321023415,14.311258477571485,19.037428067998487,22.290410477028583,24.419495433666235,25.76573068863613,26.595837822536915,27.09530853416996,27.383716276938355,27.532670225036036,27.5792233489039,27.532721470722073,27.373445927629643,27.03712391083428,26.36281424933231,24.913008455866233,21.394213764084224,14.703392312685654,6.884651074851136,0.0
1.5472801954518101e-50,7.908726960342397,14.298247123261854,19.01811261458584,22.266557267483932,24.392750740094588,25.737282978169276,26.56643036801402,27.06535795217925,27.35342408057133,27.502096575815283,27.548322883119205,27.501346014505867,27.34131393636412,27.00374945028636,26.327409738634746,24.8747941375549,21.358215276476905,14.683771417282095,6.876557853443077,0.0
-3.8705767444936476e-51,7.902946397605644,14.2852418303995,18.99879917740348,22.242700284899573,24.365996443159702,25.708820723297688,26.537004602025476,27.03538638945836,27.3231091338746,27.471499129596467,27.517398226364197,27.46994675429828,27.309159844413884,26.97035748527932,26.292000080867197,24.83661112901514,21.322311225269466,14.66419351091049,6.868488154400865,0.0
-4.802624088446914e-52,7.897171939413573,14.27224260095981,18.97948776672406,22.21883954489884,24.339232558964927,25.680343936835094,26.507560532651176,27.005393850089558,27.292771439374064,27.44087789131379,27.486449391859924,27.43852372061556,27.276983714283045,26.936948135265272,26.25658548929979,24.798459685291085,21.286501087274093,14.644658431454685,6.860441897434528,0.0
-7.350102952753538e-51,7.891403581137652,14.259249436675024,18.96017839257316,22.194975062909876,24.312459103486088,25.651852631527596,26.478098167949454,26.97538033817042,27.262410999647283,27.41023286599785,27.45547639298405,27.407076944207382,27.244785608782376,26.903521519963647,26.22116617680192,24.760340057788905,21.25078434302604,14.625166017062769,6.852419002225136,0.0
0.0,7.885641317999845,14.246262339034772,18.940871064730057,22.171106854166805,24.285676092573308,25.6233468200561,26.44861751596006,26.945345857817298,27.232027817327257,27.37956405877957,27.424479243274543,27.375606456059774,27.21256559103012,26.87007775935675,26.185742355827063,24.72225249427706,21.215160476761557,14.60571610615568,6.844419388430319,0.0
0.0,7.879885145073145,14.233281309286616,18.921565792728444,22.147234933710912,24.258883541952738,25.594826515038665,26.419118584707146,26.915290413168734,27.20162189510615,27.348871474894025,27.393457956433352,27.34411228739795,27.180323724452663,26.836616973685228,26.150314238397595,24.684197238887318,21.179628976395083,14.586308537435336,6.8364429756896055,0.0
4.867673217362274e-52,7.874135057282077,14.22030634843652,18.90226258585707,22.123359316391706,24.232081467228245,25.566291729032894,26.389601382202184,26.885214008388854,27.171193235738997,27.31815511968425,27.36241254632999,27.312594469689127,27.148060072785185,26.80313928344347,26.114882036089718,24.64617453211663,21.144189333495785,14.566943149892314,6.828489683629553,1.3781443036412884e-51
1.3363823550460978e-51,7.868391049403212,14.207337457249384,18.882961453160444,22.099480016868068,24.20526988388316,25.53774247453828,26.360065916446928,26.855116647670837,27.140741842047508,27.287414998605172,27.33134302700527,27.281053034645392,27.115774700072397,26.769644809375126,26.079445960018617,24.608184610829976,21.10884104326372,14.547619782813216,6.820559431868787,0.0
0.0,7.862653116065688,14.194374636249547,18.86366240343956,22.075597049609435,24.178448807282084,25.509178763998655,26.330512195436487,26.824998335240387,27.110267716923833,27.256651117227495,27.30024941267499,27.2494880142266,27.083467670669197,26.736133672468515,26.044006220823746,24.57022770826403,21.07358360450542,14.528338275787634,6.812652140022834,0.0
0.0,7.856921251751699,14.181417885721258,18.844365445252496,22.05171042889682,24.15161825267249,25.480600609804522,26.300940227162197,26.794859075359177,27.079770863334353,27.225863481241593,27.26913171773359,27.21789944064316,27.051139049241314,26.702605993952073,26.008563028654187,24.532304054031606,21.038416519608994,14.509098468714708,6.804767727708812,0.0
4.710454162836435e-54,7.851195450797007,14.16846720570919,18.82507058691515,22.027820168824007,24.12477823518659,25.452008024295516,26.27135001961474,26.764698872328392,27.049251284323525,27.195052096461463,27.23798995675791,27.186287346358963,27.018788900765994,26.669061895289776,25.973116593154238,24.494413874127012,21.003339294518874,14.489900201809395,6.796906114549997,-3.3409558876152446e-52
7.741153488987295e-51,7.845475707391444,14.155522596018901,18.805777836501857,22.003926283298625,24.097928769842976,25.42340101976275,26.241741580787075,26.73451773049217,27.018708983017667,27.16421696882865,27.206824144510886,27.1546517640942,26.986417290532586,26.635501498176538,25.937667123449096,24.45655739093212,20.9683514387101,14.470743315608319,6.789067220180211,0.0
0.0,7.839762015579382,14.142584056217293,18.78648720184603,21.980028786043206,24.07106987154834,25.394779608451188,26.212114918677457,26.7043156542411,26.988143962628772,27.133358104416153,27.175634295945216,27.12299272682818,26.95402428414315,26.60192492453357,25.902214828130628,24.41873482322319,20.933452465162222,14.451627650975329,6.781250964248089,0.0
-3.868893800275784e-51,7.834054369260244,14.129651585633097,18.76719869054082,21.956127690596343,24.044201555099242,25.366143802562128,26.182470041292493,26.674092648015808,26.957556226458436,27.102475509432455,27.144420426207176,27.091310267802243,26.921609947513083,26.56833229650382,25.866759915243446,24.380946386178632,20.89864189033298,14.432553049106772,6.773457266421231,0.0
3.8705767444936476e-51,7.828352762188969,14.116725183357278,18.747912309939668,21.932223010313642,24.017323835183706,25.337493614255447,26.152806956650075,26.643848716310348,26.926945777901572,27.07156919022536,27.1131825506402,27.059604420522465,26.889174346871595,26.534723736447194,25.83130259227087,24.343192291387194,20.863919234131455,14.413519351536316,6.765686046390165,0.0
0.0,7.822657187976494,14.103804848243524,18.72862806715698,21.908314758368885,23.990436726383017,25.308829055652097,26.123125672782454,26.613583863675817,26.896312620450363,27.040639153286072,27.081920684788727,27.0278752187626,26.85671754876234,26.501099366936014,25.795843066121268,24.30547274685717,20.82928401989121,14.394526400139643,6.757937223872242,0.0
-8.018294130276587e-51,7.8169676400902155,14.090890578908601,18.709345969068654,21.884402947754975,23.96354024317328,25.28015013883636,26.093426197739173,26.58329809472378,26.865656757698027,27.009685405253013,27.05063484440178,26.996122696566733,26.824239620043787,26.467459310750158,25.760381543114327,24.267787957026066,20.794735774342904,14.375574037138687,6.750210718615357,0.0
0.0,7.811284111854456,14.077982373732818,18.690066022312674,21.860487591285004,23.936634399927158,25.251456875858295,26.06370853959013,26.552991414129842,26.83497819334272,26.978707952915897,27.019325045436766,26.96434688825218,26.791740627889798,26.433803690872445,25.724918228967628,24.230138122771134,20.76027402758687,14.35666210510571,6.7425064504015975,0.0
7.746841464407848e-51,7.805606596450917,14.065080230860394,18.670788233289652,21.83656870159322,23.909719210915476,25.22274927873603,26.033972706428525,26.522663826637128,26.804276931191367,26.94770680321962,26.987991304063097,26.93254782841217,26.75922063979001,26.40013263048382,25.689453328783262,24.192523441420445,20.725898313065393,14.337790446967025,6.734824339050722,0.0
1.1484535863677403e-52,7.799935089017266,14.052184143347132,18.651512598614115,21.812646285042916,23.882794687861754,25.19402735914584,26.004218707432734,26.4923153391453,26.77355297807604,26.916681966864346,26.95663364081466,26.900725556460106,26.72667972821428,26.36644625715262,25.653987049570546,24.154944105508797,20.69160815719135,14.31895890815604,6.727164305287504,2.6101217871994098e-52
3.3529642889788774e-53,7.7942695783847995,14.039294119114505,18.632239144044203,21.78872036677017,23.855860850347423,25.165291130252537,25.974446549180364,26.461945952887703,26.742806332692183,26.885633444373855,26.925252064400286,26.868880098798115,26.694117952174366,26.332744686060003,25.618519589630573,24.11740030607822,20.65740311606677,14.30016732850344,6.71952626740203,1.710569414458057e-52
-2.088097429759528e-53,7.78861005932385,14.026410150288916,18.61296786510669,21.764790952256586,23.828917709442813,25.13654060326871,25.944656240537395,26.431555674574888,26.712037001796105,26.85456124649593,26.89384659555026,26.837011495209953,26.66153538465784,26.299028045172367,25.583051155011205,24.079892229821663,20.623282725807993,14.28141555392628,6.711910146159554,0.0
-4.8382209306170595e-52,7.782956524463962,14.013532234102069,18.593698767297003,21.740858053477986,23.801965279080093,25.10777579016366,25.914847789777227,26.401144509312587,26.68124498972502,26.82346538089055,26.862417251370086,26.805119781464388,26.628932094453575,26.26529645842327,25.547581948176234,24.042420059805167,20.58924653244457,14.26270342890398,6.70431586159199,0.0
0.0,7.7773089662988975,14.000660367561066,18.57443185588945,21.716921682252803,23.77500357311621,25.078996702906082,25.8850212052317,26.370712462311918,26.650430300964192,26.79234585541197,26.830964049213595,26.7732049936351,26.596308150678777,26.231550049921957,25.512112170891022,24.00498397553871,20.55529408502417,14.244030798333826,6.696743333798803,0.0
0.0,7.771667377188737,13.987794547452296,18.55516713594279,21.692981850249232,23.74803260534144,25.05020335347374,25.85517649530168,26.340259538900575,26.619592940158398,26.76120267811993,26.79948700669332,26.741267168109015,26.56366362278301,26.197788943948535,25.476642024201805,23.96758415296097,20.521424935511167,14.22539750755832,6.6891924829570355,0.0
-4.449046322641337e-52,7.766031749362662,13.974934770346822,18.535904612308013,21.669038568995088,23.721052389490954,25.02139575386639,25.825313668470944,26.309785744537248,26.58873291212647,26.73003585729388,26.76798614169356,26.709306341596847,26.530998580553575,26.164013264948757,25.44117170841126,23.930220764410915,20.4876386386537,14.20680340240645,6.681663229335158,0.0
-1.6704679420607862e-52,7.760402074922682,13.96208103260777,18.516644289639004,21.64509184989123,23.69406293926042,24.99257391612298,25.795432733324432,26.279291084830493,26.557850221880294,26.698845401451386,26.736461472387273,26.677322551146787,26.49831309412268,26.130223137528095,25.40570142304795,23.892893978579213,20.453934751804184,14.188248329257453,6.674155493312974,0.0
-6.055482546302631e-52,7.754778345848722,13.94923333040073,18.497386172407627,21.621141704230414,23.66706426832766,24.963737852345254,25.765533698573147,26.248775565564255,26.526944874650223,26.667631319372692,26.704913017258484,26.64531583416259,26.46560723397707,26.09641868644451,25.370231366826406,23.855603960428923,20.42031283467156,14.16973213514157,6.666669195411299,2.756288607282577e-51
4.071794988904497e-52,7.749160554005547,13.936391659708214,18.47813026492477,21.597188143223534,23.640056390382608,24.934887574730237,25.735616573088077,26.21823919273235,26.49601687591933,26.636393620133564,26.673340795132095,26.613286228427445,26.432881070970474,26.062600036598187,25.334761737591858,23.818350871068336,20.38677244897198,14.151254667901974,6.659204256337363,0.0
-9.187628690941923e-52,7.743548691152371,13.923556016350052,18.458876571370176,21.573231178036686,23.613039319169463,24.906023095615566,25.705681365947356,26.187681972586276,26.465066231470544,26.60513231315028,26.641744825214403,26.581233772136002,26.400134676339565,26.02876731301604,25.29929273224081,23.78113486755048,20.35331315793009,14.132815776459767,6.651760597055946,0.0
-1.127572612070145e-51,7.73794274895593,13.910726396011603,18.439625095833897,21.549270819842672,23.58601306854501,24.877144427542124,25.675728086501074,26.15710391170044,26.434092947450733,26.573847408240365,26.610125127147178,26.549158503936166,26.36736812172268,25.994920640825335,25.26382454660185,23.743956102557984,20.319934525560846,14.114415311254104,6.644338138902599,3.7982270983039195e-65
0.0,7.732342719007862,13.897902794281983,18.42037584237282,21.525307079891324,23.558977652558188,24.848251583339042,25.64575674445897,26.126505017060236,26.403097030456614,26.54253891570328,26.57848172107835,26.517060462981433,26.33458147917826,25.96106014520643,25.228357375251626,23.706814723910828,20.286636115637773,14.096053124984113,6.6369368037662895,3.3409558876152446e-52
-9.495567745759799e-64,7.726748586204896,13.885085193258854,18.40112879647036,21.501339947257637,23.531933060762764,24.81934455001582,25.615767323106667,26.09588526916502,26.372078461026803,26.511206820782512,26.546814603940604,26.484939668460886,26.301774806685756,25.92718594865804,25.19289143480425,23.669710967890552,20.253417730831284,14.077729013004532,6.629556496713245,-1.8367099231666664e-40
-1.8367099231585714e-40,7.721160353097568,13.872273610655315,18.38188399284352,21.477369470143046,23.50487934838908,24.790423384117776,25.58575987713375,26.065244720278542,26.341037290484905,26.4798511769873,26.515123836175466,26.45279619451415,26.268948201373753,25.893298181483377,25.157426879807723,23.632644820734885,20.220278541950755,14.059442925392597,6.622197167540206,-4.810976478173731e-53
3.469310395313379e-55,7.71557798614638,13.859467991245946,18.362641364896195,21.45339557473694,23.477816435037706,24.761487998626876,25.555734313912453,26.034583274761296,26.309973424513604,26.448471897769622,26.48340934861225,26.420630004365325,26.23610168377665,25.859396964874712,25.1219640040484,23.595616804401534,20.187219071262028,14.041194411970189,6.614858658529309,7.418412301374843e-68
-2.6345115963594253e-55,7.7100015095105805,13.846668396604844,18.34340100914778,21.429418384613545,23.450744460421667,24.732538539974815,25.525690780660387,26.003901077947127,26.278887006171537,26.417069124861996,26.451671283211116,26.388441241498132,26.203235397702333,25.82548243061207,25.08650286320739,23.55862654017404,20.154237622718338,14.022983733963818,6.607540997578949,-2.479615690273371e-56
-3.272634533912634e-55,7.704430899063591,13.833874790846906,18.324162886251933,21.405437859109,23.423663381250076,24.703574960619477,25.49562922539888,25.97319807510871,26.24777798150636,26.38564281059952,26.41990960683189,26.356229899956645,26.170349384746988,25.791554701342577,25.051043708454944,23.52167438995937,20.12133434754583,14.00481056590987,6.600244060061457,6.0032803653133305e-56
0.0,7.698866141479963,13.821087158588618,18.30492698447176,21.381453990497764,23.396573190740302,24.67459725155278,25.465549635459503,25.942474250526203,26.216646334138954,26.35419294197033,26.388124315769236,26.323995994047916,26.137443690081966,25.757613870216144,25.015586684732945,23.484760368579536,20.088508582098058,13.986675337592324,6.592967893203966,0.0
0.0,7.6933072363462305,13.808305514813979,18.28569333794471,21.357466828506844,23.369473947344904,24.645605473963116,25.435452071575703,25.911729664216157,26.185492125595736,26.322719586499538,26.3563154906305,26.291739628235145,26.104518458629524,25.723660148454186,24.980132106079186,23.44788492021746,20.055760553506886,13.968576451727827,6.5857120999103484,0.0
0.0,7.6877541681856725,13.795529839314497,18.266461927881288,21.33347635682408,23.342365634743988,24.616599608722066,25.405336510546324,25.88096428952856,26.154315328045364,26.291222718909886,26.324483114086526,26.25946080084339,26.07157371527689,25.689693600241238,24.944680067003116,23.411047932370657,20.02308942745408,13.950514755444292,6.578476824850239,0.0
0.0,7.682206927277325,13.782760125427963,18.247232756047545,21.309482584977804,23.315248266053693,24.587579668483297,25.37520296254732,25.85017813446939,26.12311594965339,26.259702351707176,26.29262720930266,26.22715955505897,26.038609537170803,25.655714356071528,24.909230763654058,23.374249547113322,19.990494824441452,13.93249004877047,6.571261975971172,0.0
0.0,7.676665503670083,13.769996366028673,18.228005823622585,21.285485521885107,23.288121853808168,24.55854566536328,25.34505143725718,25.819371206574207,26.09189399812697,26.228158496931385,26.26074779893732,26.19483593344848,26.00562600055326,25.621722544786955,24.873784388370975,23.33748989620318,19.957976359425,13.91450215409683,6.564067467118107,0.0
0.0,7.671129887387403,13.75723855401519,18.208781131935925,21.261485176773917,23.260986411004318,24.52949761206162,25.314881945021558,25.78854351409791,26.060649481918173,26.196591167365856,26.22884490634986,26.162489979153474,25.972623181919868,25.58771829466668,24.838341130796792,23.300769103982788,19.92553364972028,13.89655089501962,6.55689321333375,0.0
0.0,7.665600068212115,13.744486681806,18.189558681711343,21.237481558241218,23.233841950038137,24.5004355207246,25.28469449567772,25.757695064822556,26.02938240903191,26.165000375361743,26.19691855446405,26.13012173483232,25.939601157114968,25.55370173281364,24.80290117772055,23.264087286821702,19.893166307328336,13.878636114506769,6.549739134149132,0.0
0.0,7.660076035774794,13.731740741544666,18.170338473376216,21.213474674640484,23.206688483145026,24.471359403419825,25.254489099052304,25.72682586657338,25.99809278756064,26.133386133397117,26.164968766363817,26.097731243314765,25.90656000208656,25.51967298610369,24.767464714530405,23.227444556783972,19.860873944913397,13.86075766020598,6.542605150208434,0.0
0.0,7.654557779569107,13.71900072513559,18.151120507115692,21.189464534149884,23.179526022477763,24.442269272220756,25.224265765050315,25.695935927311123,25.966780625779553,26.10174845417517,26.132995565395277,26.065318547709445,25.873499793002274,25.48563218131823,24.732031925402467,23.19084102215311,19.828656176733343,13.842915382157265,6.535491182743228,0.0
0.0,7.649045288952847,13.70626662424583,18.131904782875573,21.165451144776444,23.152354580111997,24.41316513921355,25.194024503663417,25.665025255141686,25.935445932157936,26.07008735063778,26.10099897518355,26.032883691425713,25.840420606279768,25.451579445191427,24.696602993392492,23.154276787707026,19.796512618913294,13.82510913214205,6.528397153401936,0.0
0.0,7.643538553148579,13.693538430306006,18.11269130036377,21.141434514358306,23.12517416804956,24.384047016501512,25.163765324975426,25.63409385832293,25.904088715367212,26.038402835975138,26.06897901964444,26.00042671818847,25.80732251860682,25.417514904440797,24.66117810049697,23.117751954918056,19.764442889646634,13.807338763219747,6.5213229841307365,0.0
0.0,7.638037561244101,13.680816134510621,18.0934800590508,21.11741465056582,23.097984798220377,24.354914916208006,25.133488239166347,25.60314174526962,25.872708984286945,26.006694923632796,26.036935722992858,25.967947672048407,25.77420560695437,25.383438685786114,24.625757427692434,23.081266622099367,19.73244660933896,13.789604129399525,6.514268597091279,0.0
0.0,7.632541360428998,13.668101853645245,18.074274893111696,21.093396051298356,23.070791668878606,24.325774773558546,25.103199725059778,25.5721755794521,25.841313128875182,25.97496920077368,26.004873280881128,25.935448729445984,25.741069412028754,25.349347236720362,24.590334777561623,23.044816122074433,19.700563053980183,13.771834155968687,6.5072285405575165,0.0
0.0,7.627052934851187,13.655390615337307,18.055066030873483,21.069366647754173,23.043580604647246,24.296610459830912,25.072882283411477,25.541177380541725,25.809883764584704,25.943210103466175,25.972779317781637,25.902922194540846,25.707912458264342,25.315246642289072,24.554923930977882,23.008419397782724,19.668684533949186,13.754232287669039,6.50021237482623,0.0
0.0,7.621570518218202,13.642685433846177,18.035859456182425,21.04533398891286,23.016360506654507,24.2674320397801,25.04254675129805,25.51015822298789,25.778431573482727,25.911427201513597,25.940661465322922,25.870372817378446,25.674735575229384,25.281132830769327,24.519515533082085,22.972061417348588,19.636877457347403,13.736676798162403,6.493214745897763,0.0
