0.0,8.936354994149287,34.304224195548514,72.76733097348973,120.65052442609677,174.81455776607953,232.95493028267137,293.5289534223551,355.558950267021,418.4433236416496,481.81479658201397,545.4439556121355,609.174530495791,672.8754307796514,736.3923797329047,799.4655879681545,861.4834682973882,920.0040559465182,965.5737741298159,991.7275551720988,1000.0
1.0050251256281406,9.93455763945562,35.281532320179174,73.7108935065556,121.55112954549182,175.66662651768291,233.75548916286894,294.27657566912296,356.2530036064595,419.0835127202215,482.4008943704078,545.9756234635504,609.6511451506824,673.2958334836785,736.7544052726511,799.7650087022188,861.7110239654071,920.1351642932997,965.62401295041,991.7394285588703,1000.0
2.0100502512562812,10.93276632780636,36.258857466929875,74.65447818871417,122.4517512942725,176.51869530916304,234.55602234218114,295.0241398154089,356.9469619138974,419.7235667835814,482.986814972795,546.5070701338589,610.1274927725758,673.7159211038094,737.1160649961483,800.0640105039594,861.9381144593259,920.2659704123213,965.6741495987764,991.7512756813697,1000.0
3.015075376884422,11.930981046719465,37.23619958405505,75.59808489910841,123.35238945224438,177.37076379278324,235.35652932053608,295.77164518848224,357.6408243283754,420.3634847713108,483.5725571217543,547.0382941443827,610.6035716709791,674.1356917432262,737.4773568197278,800.3625911659354,862.1647377115735,920.3964730598603,965.7241837371367,991.7630964580635,1000.0
4.0201005025125625,12.929201784591006,38.21355862337919,76.54171352478713,124.25304381259919,178.22283164032524,236.1570096238163,296.5190911481087,358.33459002798725,421.00326566859104,484.15811960201654,547.569294075197,611.079380220883,674.5551435775876,737.8382787397203,800.6607485693132,862.390891753721,920.5266710427837,965.7741150303845,991.7748908079759,1000.0
5.025125628140703,13.927428530670033,39.190934540199756,77.48536396049971,125.15371418157991,179.0748985426147,236.95746280324167,297.2664770857903,359.0282582289782,421.6429085051624,484.7435012492863,548.1000685638185,611.5549168613187,674.974274853468,738.1988288307936,800.9584806821346,862.6165747147678,920.6565632182757,965.8239431466293,991.7866586508173,1000.0
6.030150753768844,14.92566127503381,40.16832729319119,78.42903610849358,126.05440037815016,179.92696420905233,237.75788843475917,298.01380242401353,359.72182818485345,422.2824123542945,485.32870094907685,548.630616303906,612.0301800939329,675.3930838868118,738.5590052443015,801.2557855575961,862.8417848194252,920.7861484935285,965.8736677577083,991.7983999071034,1000.0
7.035175879396984,15.923900008563345,41.14573684431026,79.37272987831369,126.95510223366676,180.77902836714992,238.55828611843856,298.7610666155054,360.41529918549486,422.9217763317655,485.9137176355536,549.1609360439742,612.5051684815725,675.8115690614001,738.9188062066469,801.5526613323391,863.0665203864033,920.9154258254039,965.9232885396644,991.8101144982675,1000.0
8.040201005025125,16.92214472291934,42.123163158702766,80.31644518660518,127.85581959155714,181.63109076207223,239.35865547787617,299.508269142498,361.10867055628825,423.560999594854,486.4985502903932,549.691026586121,612.9798806468864,676.229728827333,739.2782300176606,801.8491062247522,863.290779826702,921.0443942200652,965.9728051731936,991.8218023467656,1000.0
9.045226130653266,17.920395410518445,43.10060620461144,81.26018195691829,128.7565523070005,182.48315115618485,240.15899615960546,300.25540951600254,361.80194165726124,424.2000813413425,487.08319794165453,550.2208867847687,613.4543152709422,676.6475616995288,739.6372750489935,802.1451185332866,863.514561641904,921.173052732581,966.022217344063,991.8334633761752,1000.0
10.050251256281406,18.918652064509867,44.07806595328517,82.20394011951592,129.65730024661295,183.33520932860674,240.9593078325142,301.00248727509023,362.49511188222965,424.83902080853045,487.66765966266036,550.7505155454182,613.9284710918549,677.0650662562354,739.9959397425249,802.4406966347841,863.7378644224754,921.3014004665023,966.0715247435008,991.8450975112876,1000.0
11.055276381909547,19.91691467875236,45.05554237888964,83.14771961118412,130.5580632881372,184.1872650747697,241.75959018726996,301.74950198618393,363.1881806579561,425.4778172722613,488.2519345708951,551.2799118234191,614.402346903435,677.4822411375605,740.3542226087868,802.73583898282,863.9606868460703,921.4294365734174,966.1207270685591,991.856704678194,1000.0
12.060301507537687,20.91518329939822,46.033035668797325,84.0915208431571,131.4588421178062,185.03931937769946,242.55984450665738,302.4964552268535,363.88114985178004,426.11647288988496,488.8360251238073,551.809078402489,614.8759458689618,677.8990899882352,740.7121279685243,803.0305509537495,864.1830360719612,921.5571754845452,966.1698359684036,991.8682868751182,1000.0
13.065326633165828,21.913457814930023,47.01054536771648,85.0353427968437,132.35963498560525,185.89136964195282,243.36006727602336,303.2433425142851,364.5740139760176,426.75498113397725,489.4199237108683,552.3380065239672,615.3492579745675,678.3156013549468,741.0696426051346,803.3248170139249,864.4048936220894,921.6845850382955,966.2188265252919,991.8798397603848,1000.0
14.070351758793969,22.911738276498856,47.988071683404655,85.97918592881645,133.26044265492573,186.7434169636812,244.16025992945745,303.99016561665127,365.2667751285732,427.3933444330778,490.0036331023817,552.866699327952,615.822286786811,678.7317793387431,741.4267713600634,803.6186431458685,864.6262673790412,921.8116807430673,966.2677111671646,991.8913654697102,1000.0
15.07537688442211,23.910024680573887,48.96561460080828,86.92305020007086,134.16126504493064,187.59546119917823,244.9604222390191,304.73692420271277,365.95943285959515,428.0315622074879,490.58715258146015,553.3951559568944,616.2950313087478,679.1476228124532,741.7835130026499,803.9120280933894,864.8471563519162,921.9384619373043,966.3164896173457,991.9028639350933,1000.0
16.08040201005025,24.908317024223827,49.94317410736226,87.86693557721505,135.06210208441684,188.44750221892693,245.76055399577646,305.4836179651607,366.6519867481122,428.66963391134794,491.1704814700437,553.9233755971416,616.7674905925736,679.5631307036357,742.1398663632286,804.2049706689353,865.0675596286111,922.064928004854,966.3651616063537,991.9143350901669,1000.0
17.08542713567839,25.906615305096018,50.92075019290838,88.81084203229614,135.96295371152988,189.2995399071934,246.56065500927554,306.23024661996163,367.3444364012543,429.307559031736,491.7536191278763,554.4513574777943,617.2396637383658,679.9783019932095,742.495830331654,804.4974697520289,865.2874763741798,922.1910783744104,966.4137268721302,991.9257788702535,1000.0
18.09045226130653,26.904919521395918,51.89834284961526,89.75476954262963,136.8638198734837,190.15157416162756,247.36072510701842,306.9768099057127,368.03678145348533,429.9453370877792,492.3365649514982,554.979100869581,617.7115498928429,680.3931357141008,742.8514038558467,804.7895242877211,865.5069058292029,922.3169125189451,966.4621851602517,991.9371952124162,1000.0
19.09547738693467,27.903229671866928,52.875952071899505,90.6987180906313,137.7647005262843,191.0036048928693,248.16076413394867,307.72330758300495,368.729021565846,430.5829676297773,492.9193183732512,555.5066050837476,618.1831482481392,680.80763094991,743.2065859403547,805.0811332850617,865.7258473081703,922.4424299551234,966.5105362241211,991.9485840555067,1000.0
20.100502512562812,28.90154575577054,53.85357785634814,91.6426876636516,138.66559563445728,191.85563202415997,248.96077195194326,308.46973943379624,369.42115642520747,431.22045023833783,493.50187886029704,556.0338694709607,618.6544580405969,681.2217868335936,743.5613756449338,805.3722958155864,865.9443001978736,922.567630242707,966.5587798251415,991.9599453402072,1000.0
21.105527638190953,29.89986777286691,54.83122020164245,92.58667825381306,139.56650517078063,192.70765549096112,249.76074843931394,309.2161052607941,370.11318574353646,431.8577845235252,494.0842459136515,556.5608934202279,619.1254785495747,681.6356025461652,743.9157720831465,805.6630110118218,866.1622639558133,922.6925129839464,966.6069157328742,991.9712790090701,1000.0
22.110552763819094,30.898195723395663,55.80887910848309,93.53068985785025,140.46742911602078,193.559675240578,250.56069349031458,309.9624048868463,370.8051092571703,432.4949701240206,494.6664190672305,557.0876763578323,619.5962090962719,682.0490773154133,744.2697744209773,805.9532780658066,866.3797381086142,922.8170778229614,966.6549437251786,991.982585006553,1000.0
23.115577889447234,31.89652960805715,56.78655457951631,94.47472247695208,141.36836745867328,194.41169123178915,251.36060701465655,310.70863815434166,371.49692672610297,433.1320067062948,495.24839788691116,557.6142177462824,620.0666490425707,682.4622104146381,744.6233818754689,806.2430962276323,866.5967222504594,922.9413244451129,966.7028635883381,991.9938632790504,1000.0
24.120603015075375,32.894869427994,57.7642466192619,95.41877611660743,142.26932019470792,195.26370343448264,252.16048893703237,311.4548049246204,372.1886379332832,433.7688939637944,495.8301819696071,558.1405170832791,620.5367977898951,682.8750011614052,744.9765937133756,806.5324648040018,866.8132160415341,923.0652525763644,966.7506751171705,992.0051137749223,1000.0
25.125628140703515,33.893215184773034,58.741955234041924,96.36285078645282,143.17028732731796,196.11571182929745,252.9603391966463,312.2009050773931,372.88024268392167,434.4056316161392,496.411770942357,558.6665739006957,621.0066547780857,683.2874489163172,745.3294092498344,806.8213831568041,867.0292192064845,923.1888619826371,966.7983781151239,992.0163364445187,1000.0
26.130653266331656,34.89156688036747,59.71968043191118,97.30694650012313,144.0712688666735,196.96771640727124,253.7601577467525,312.94693851016905,373.57174080481093,435.04221940833304,496.9931644614281,559.1923877635759,621.4762194842926,683.6995530818052,745.6818278470581,807.1098507017106,867.2447315328914,923.3121524691567,966.8459723943599,992.027531240202,1000.0
27.135678391959797,35.88992451713957,60.69742222258865,98.25106327510467,144.9722648296791,197.81971716949346,254.55994455420108,313.69290513769397,374.26313214365445,435.67865710998683,497.5743622114331,559.7179582691457,621.9454914218849,684.1113131009362,746.0338489130442,807.3978669067878,867.4597528697586,923.435123879794,966.893457775823,992.0386981163657,1000.0
28.140703517587937,36.888288097823505,61.67518061739034,99.19520113259121,145.87327523973605,198.6717141267655,255.35969959899217,314.4388048913976,374.95441656840853,436.31494451455416,498.15536390446164,560.2432850458424,622.4144701393769,684.5227284562402,746.3854719003045,807.6854312911298,867.6742831260159,923.5577760964005,966.9408340892983,992.0498370294504,1000.0
29.145728643216078,37.88665762550868,62.652955629163436,100.13936009734236,146.7743001265081,199.52370729926545,256.15942287383643,315.18463771884944,375.64559396663367,436.9510814385796,498.7361692792261,560.7683677523577,622.8831552193725,684.9337986685555,746.7366963046137,807.9725434235094,867.8883222690389,923.6801090381384,966.9881011734575,992.0609479379572,1000.0
30.15075376884422,38.885033103623265,63.630747272221654,101.08354019754482,147.6753395256923,200.37569671621972,256.95911438372457,315.9304035832251,376.3366642448578,437.58706772096,499.3167781002213,561.2932060766981,623.3515462775257,685.344523295892,747.0875216637762,808.2592029210485,868.101870323183,923.8021226608066,967.0352588758927,992.0720308024585,1000.0
31.15577889447236,39.88341453591819,64.60855556228188,102.02774146467598,148.57639347879316,201.2276824155799,257.75877414550325,316.67610246278053,377.0276273279498,438.2229032222173,499.89719015689826,561.8177997352603,623.8196429615182,685.7549019323135,747.4379475564148,808.5454094479086,868.3149273683348,923.9238169561638,967.0823070531417,992.0830855856058,1000.0
32.1608040201005,40.88180192645137,65.58638051640206,102.97196393337038,149.4774620329018,202.07966444370604,258.55840218745936,317.421734350337,377.71848315850445,438.85858782378483,500.4774052628523,562.3421484719217,624.2874449500555,686.1649342068373,747.7879736007749,808.8311627139985,868.5274935384803,924.0451919512482,967.1292455706997,992.0941122521364,1000.0
33.16582914572864,41.88019527957227,66.56422215292034,103.9162076412886,150.37854524047856,202.93164285505534,259.3579985489116,318.1672992527741,378.4092316962384,439.49412142730625,501.05742325502587,562.8662520571484,624.7549519518788,686.5746197823547,748.1375994535529,809.1164624737046,868.7395690202886,924.1662477076949,967.1760743030256,992.1051107688762,1000.0
34.17085427135678,42.87859459990692,67.54208049139554,104.8604726289888,151.27964315914045,203.78361771187713,260.1575632798097,318.91279719053273,379.0998729173965,440.12950395394637,501.6372439929247,563.3901102871167,625.2221637047949,686.983958354567,748.4868248087391,809.4013085246379,868.9511540517138,924.2869843210525,967.2227931335352,992.1160811047419,1000.0
35.175879396984925,43.87699989234305,68.51995555254862,105.80475893980082,152.18075585145218,204.6355890839131,260.95709644034065,319.65822819712724,379.7904068141698,440.76473534371553,502.2168673578489,563.9137229828528,625.6890799747233,687.3929496509423,748.8356493964852,809.6857007064032,869.1622489206143,924.4074019200983,967.2694019545887,992.1270232307398,1000.0
36.18090452261306,44.87541116201571,69.49784735820569,106.74906661970287,153.08188338472172,205.48755704810407,261.7565981005436,320.40359231866626,380.4808333941235,441.3998155548051,502.7962932521374,564.4370899893861,626.15570055476,687.8015934296905,749.1840729819866,809.9696388993862,869.3728539633883,924.5275006661525,967.3159006674674,992.1379371199639,1000.0
37.1859296482412,45.87382841429314,70.47575593124199,107.69339571720069,153.9830258307998,206.33952168830191,262.55606833993113,321.14888961338386,381.1711526796372,442.0347445629377,503.3755215984278,564.9602111749201,626.6220252642601,688.2098894787564,749.5320953643889,810.2531230235629,869.5829695636301,924.6472807523946,967.3622891823453,992.1488227475911,1000.0
38.19095477386934,46.87225165476303,71.4536812955272,108.63774628320925,154.8841832658833,207.1914830949874,263.35550724711817,321.89412015117813,381.8613647073541,442.66952236072706,503.9545523389286,565.4830864300169,627.0880539479347,688.617837614831,749.8797163757097,810.5361530373254,869.7925961508004,924.766742403177,967.4085674182502,992.1596800908753,1000.0
39.19597989949749,47.87068088921893,72.43162347587196,109.58211837093712,155.78535577032332,208.04344136499415,264.1549149194593,322.639284013161,382.5514695276429,443.30414895705326,504.5333854347078,566.0057156667997,627.5537864749685,689.0254376823834,750.2269358797844,810.818728936332,870.0017341989189,924.8858858733436,967.4547353030204,992.1705091291399,1000.0
40.201005025125625,48.86911612364715,73.40958249797549,110.52651203577308,156.68654342843655,208.8953966012378,264.9542914626922,323.38438129121516,383.24146720406924,443.9386243764481,505.1120208649929,566.5280988181688,628.0192227381516,689.4326895527081,750.5737537712275,811.1008507523735,870.2103842252725,925.0047114475475,967.5007927732534,992.181309843768,1000.0
41.20603015075376,49.86755736421393,74.3875583883745,111.47092733517539,157.58774632832123,209.74734891245103,265.7536369905891,324.1294120875616,383.9313578128783,444.5729486584945,505.69045862648767,567.0502358370351,628.4843626530303,689.8395931229935,750.920169974417,811.3825185522632,870.4185467891438,925.1232194395722,967.5467397742484,992.1920822181919,1000.0
42.211055276381906,50.866004617252806,75.36555117439329,112.41536432856356,158.4889645616768,210.59929841292455,266.5529516246157,324.87437651433527,384.62114144248807,445.20712185723715,506.2686987327005,567.572126695568,628.9492061570744,690.2461483154085,751.2661844424962,811.6637324367434,870.6262224905577,925.241410191654,967.5925762599439,992.2028262378814,1000.0
43.21608040201005,51.864457889252414,76.34356088409477,113.35982307721228,159.3901982236277,211.45124522225314,267.35223549359705,325.6192746931699,385.3108181929935,445.84114404060625,506.84674121328845,568.0937713844593,629.4137532088616,690.652355076206,751.6117971563968,811.9444925394162,870.833411969047,925.3592840738092,967.6383021928478,992.2135418903291,1000.0
44.22110552763819,52.86291718684453,77.32158754623306,114.3043036441483,160.291447412551,212.30318946508768,268.15148873339075,326.36410675479215,386.00038817568077,446.47501528985265,507.42458611341385,568.6151699122013,629.8780037872783,691.0582133748462,751.9570081238793,812.22479902569,871.0401159024372,925.4768414831633,967.6839175439642,992.2242291650367,1000.0
45.226130653266324,53.86138251679244,78.29963119020691,115.2488060940491,161.192712229908,213.15513127089255,268.9507114865678,327.108872838624,386.68985151255237,447.10873569899616,508.0022334931159,569.136322304383,630.341957890738,691.463723203138,752.301817378596,812.5046520917499,871.2463350056507,925.5940828432844,967.729422292714,992.2348880534985,1000.0
46.23115577889447,54.85985388597955,79.27769184601424,116.19333049314443,162.09399278007987,214.00707077370893,269.74990390209996,327.85357309239475,387.3792083358631,447.74230537428554,508.57968342669534,569.6572286029995,630.8056155364171,691.8688845743987,752.6462249791712,812.784051963547,871.4520700295309,925.7110086035215,967.7748164268525,992.2455185491847,1000.0
47.23618090452261,55.85833130139833,80.25576954420808,117.13787690911997,162.99528917020663,214.8590081119226,270.5490661350544,328.598207671761,388.0684587876654,448.3757244336698,509.15693600211245,570.1778888657761,631.268976759506,692.2736975226316,752.9902310083012,813.0629988958063,871.6573217596833,925.8276192383461,967.8200999423799,992.2561206475231,1000.0
48.24120603015075,56.85681477013956,81.23386431585332,118.08244541102337,163.8966015100307,215.7109434280385,271.34819834629593,329.3427767399358,388.7576030193664,449.0089930062835,509.73399132039975,570.6983031655104,631.732041612478,692.6781621017217,753.3338355718745,813.3414931710572,871.8620910153397,925.9439152466997,967.8652728434508,992.2666943458798,1000.0
49.24623115577889,57.85530429938183,82.21197619248483,119.0270360691728,164.79792991174378,216.5628768684596,272.147300702196,330.087280467327,389.4466411912944,449.64211123194156,510.3108494950874,571.2184715894266,632.1948101643749,693.0822783846505,753.6770387981111,813.6195350986828,872.0663786482394,926.0598971513467,967.9103351422788,992.2772396435403,1000.0
50.25125628140703,58.85379989638134,83.19010520606639,119.97164895506745,165.6992744898373,217.41480858327148,272.9463733743479,330.8317190311826,390.13557347227555,450.27507926064766,510.88751065164166,571.7383942385461,632.6572825001077,693.4860464627271,754.0198408367195,813.8971250139886,872.27018554153,926.1755654982312,967.9552868590357,992.287756541687,1000.0
51.256281407035175,59.85230156846195,84.16825138895086,120.91628414130057,166.6006353609572,218.26673872603232,273.74541653929,331.57609261524624,390.8244000392209,450.9078972521132,511.4639749269178,572.2580712270727,633.1194587197758,693.8894664448381,754.3622418580753,814.1742632772921,872.4735126086902,926.2909208558411,968.0001280217518,992.2982450433794,1000.0
52.26130653266331,60.85080932300553,85.14641477384153,121.86094170147479,167.50201264376193,219.11866745356815,274.5444303782354,332.3204014094207,391.51312107672413,451.54056537528953,512.040242468626,572.7775026817941,633.5813389380014,694.2925384567162,754.7042420524177,814.4509502730331,872.6763607924698,926.4059638145795,968.0448586662093,992.3087051535306,1000.0
53.26633165829145,61.84932316744261,86.12459539375419,122.80562171011941,168.40340645878425,219.9705949257729,275.34341507680824,333.0646456094393,392.20173677666793,452.1730838079098,512.6163134348095,573.2966887414944,634.0429232832794,694.6952626402236,755.0458416290629,814.7271864089005,872.8787310638508,926.5206949861381,968.0894788358345,992.3191368788847,1000.0
54.27135678391959,63.65258542915108,89.60340502122385,127.76338279807665,174.24085286021986,226.12506193008088,281.41055473666944,338.7895036788625,397.4346518146053,456.82754896511085,516.6379229632374,576.6417567555246,636.6616312104313,696.5117932653577,755.9257046580722,814.4282961148858,871.0626095086945,923.5843796766852,965.706170354456,991.5326034364068,1000.0
55.27638190954774,64.64980639598274,90.5768083859086,128.6986730161016,175.12861114866277,226.96054545002949,282.19186685585476,339.5160418935955,398.10618834300124,457.4437663848456,517.1981979046683,577.1450644573648,637.1065229280704,696.8964664863179,756.2482436381168,814.6871436556722,871.2568731984985,923.7113209089429,965.767637683602,991.5479986699572,1000.0
56.281407035175874,65.64688473875944,91.54978242387743,129.63330245914005,176.01558848630822,227.79521641690724,282.9723907038221,340.2418486003998,398.777069687854,458.0594190896766,517.7580118936063,577.6480298430938,637.5512083546117,697.2810891045235,756.5709081086842,814.9463096121776,871.4516460105586,923.8388654844325,965.8295700259267,991.5635558052571,1000.0
57.28643216080401,66.64381746058703,92.5223181859633,130.56725749122955,176.90176888643944,228.62905826748786,283.75211021979004,340.9669088549331,399.44728240162493,458.6744954361681,518.3173554207431,578.1506459374301,637.99568352407,697.6656606675696,756.8937015255802,815.2058012933448,871.6469377685789,923.9670217062957,965.8919725468372,991.5792768290975,1000.0
58.291457286432156,67.64060149610644,93.49440651914433,131.50052416589062,177.78713599611066,229.46205405405405,284.531008961888,341.6912073463667,400.1168126907807,459.28898345945834,518.8762186842276,578.6529055070248,638.4399442540213,698.0501805564531,757.2166272352815,815.4656259580223,871.8427582914591,924.0957978944107,965.9548504242739,991.5951637309945,1000.0
59.2964824120603,68.63723370989311,94.46603806201479,132.43308821973804,178.67167308924965,230.2941864377936,285.3090701011864,342.4147283921384,400.7856464112623,459.9028708694288,519.4345915865562,579.1548010581414,638.8839861441992,698.4346479852488,757.5396884758449,815.7257908171434,872.039117396564,924.2252023912625,966.0182088516204,991.6112185024555,1000.0
60.30150753768844,69.63371089482807,95.43720324019432,133.36493506605206,179.55536305979018,231.12543768232425,286.0862764159646,343.13745593305595,401.45376906441385,460.5161450474404,519.9924637321318,579.6563248351117,639.3278045759728,698.8190620017797,757.8628883789409,815.9863030371874,872.2360249045116,924.3552435698931,966.0820530418191,991.6274431362722,1000.0
61.306532663316574,70.63002977044154,96.40789226168253,134.29604978832992,180.43818841487706,231.9557896474134,286.86261028631054,343.8593735288695,402.1211657935184,461.1287930438117,520.5498244257016,580.1574688198002,639.7713947129712,699.2034214895805,758.1862299733419,816.2471697452972,872.4334906459226,924.4859298445073,966.1463882330222,991.6438396258594,1000.0
62.31155778894472,71.62618698123241,97.37809511217341,135.22641713385224,181.32013126820343,232.78522378298396,287.6380536891752,344.580464354475,402.78782138113996,461.7408015762776,521.1066626719445,580.6582247323964,640.2147515032118,699.5877251715527,758.5097161903168,816.5083980365658,872.6315244707257,924.6172696844875,966.2112196962115,991.66040996466,1000.0
63.31658291457286,72.62217909496448,98.34780155033903,136.15602150729515,182.20117333354472,233.61372112351188,288.4125881940357,345.30071119694907,403.45372024752083,462.3521570297263,521.6629671765642,581.1585840339338,640.6578696831908,699.9719716158315,758.833349871513,816.7699949841517,872.830136260789,924.7492716328068,966.2765527453552,991.6771561456449,1000.0
64.321608040201,72.83309570103577,96.8853056763317,133.199229957818,178.32289336450538,229.34815779306277,284.14071844004513,341.26171711802334,399.78858848212263,459.1443295943683,518.9678342120674,579.0233091106185,639.1361922769385,699.1403624581193,758.8160042726012,817.7716935212746,875.0937329853124,927.7367971494555,968.538050569781,992.4243855288933,1000.0
65.32663316582914,73.83129037072163,97.86241389131304,134.14205644159514,179.2218187312923,230.19712241979897,284.9362973497265,342.0021249640535,400.4729342926818,459.77213843477995,519.5387521059818,579.536900900786,639.5917549385089,699.5366750463386,759.1508956449632,818.0411783190751,875.2902237161345,927.8509088723065,968.5847695935777,992.4353019081896,1000.0
66.33165829145727,74.82944345933443,98.83937253554079,135.08461232291094,180.12038063220103,231.04565958229378,285.73140325676644,342.74202404596525,401.156740137515,460.3993779418149,520.1090718391051,580.0498657240893,640.0466618507969,699.9323038581974,759.48507853621,818.3099412264329,875.4860150655393,927.9643896458906,968.6310977170336,992.4461173248721,1000.0
67.33668341708542,75.82756509052032,99.81621319471478,136.02694835345747,181.01864186555474,231.89383802556625,286.5261067617729,343.48148434368005,401.84007395688826,461.0261132278671,520.6788552627776,580.5622619249853,640.5009676869868,700.3272997242142,759.8185996210958,818.5780239800682,875.681141760586,928.0772665420565,968.6770502975754,992.4568355534249,1000.0
68.34170854271356,76.82566393353585,100.79296298555485,136.9691082157387,181.91665659939693,232.74171717342665,287.3204690349058,344.22056665049223,402.5229949519472,461.6524012285962,521.2481566795634,581.074140967867,640.9547209409297,700.7217080332423,760.151500930035,818.8454645855227,875.8756359576672,928.1895653889173,968.7226423833556,992.4674603522313,1000.0
69.3467336683417,77.82374744295143,101.76964528063617,137.9111296527125,182.81447173716023,233.58934859299595,288.1145432882287,344.95932399806924,403.2055549305284,462.2782919516247,521.8170239846733,581.5855484649871,641.4079648367457,701.1155695181823,760.4838205019822,819.1122978209762,876.069527568052,928.3013109170773,968.7678887486043,992.4779954660529,1000.0
70.35175879396985,78.82182205577423,102.74628030638841,138.85304540221222,183.71212804862714,234.43677720781693,288.9083759949319,345.697802835662,403.88779941974286,462.90382950750757,522.3854996068114,582.0965250219541,641.8607380749104,701.5089208979817,760.8155929149053,819.3785556428086,876.2628445145518,928.4125268685638,968.8128039143651,992.488444625014,1000.0
71.35678391959799,79.8198933541319,103.72288563820752,139.79488397261497,184.6096611097961,235.28404230617727,289.7020079023494,346.4360440091192,404.56976858865755,463.5290529634982,522.9536212858718,582.6071069349447,642.3130754455456,701.9017954030661,761.1468497171521,819.6442675118564,876.4556129329582,928.5232360761299,968.8574021577344,992.4988115408676,1000.0
72.36180904522612,80.81796619996335,104.6994766116978,140.73667028879137,185.50710208642508,236.13117838184084,290.4954748762278,347.1740835761163,405.2514980156819,464.1539970524917,523.5214227173954,583.1173267669323,642.7650083334954,702.2942232059329,761.4776197783843,819.9094606555709,876.6478573291979,928.6334605190928,968.9016975121441,992.5090999011758,1000.0
73.36683417085426,81.81604484684703,105.67606666522722,141.67842623157523,186.4044783891223,236.97821583702412,291.2888086063039,347.91195348682567,405.93301932844827,464.77869276315295,524.0889340878239,583.6272138248779,643.2165651349558,702.6862317743966,761.8079295751131,820.1741602783248,876.8396007010355,928.743221360685,968.9457037607585,992.5193133619371,1000.0
74.3718592964824,82.8195312455326,106.67042062620192,142.6492096784638,187.3367018854947,237.86106481228398,292.1157004010932,348.6792195948262,406.6387055483348,465.42175170817717,524.668732172253,584.1432269426285,643.6681625115197,703.0724791850928,762.1273907497667,820.4248819593643,877.0200247478775,928.8592460602081,969.0011010391066,992.531670779216,1000.0
75.37688442211055,83.81818073668066,107.64898827821008,143.59440221674467,188.23849085993888,238.7130079277864,292.9140960893701,349.42209992492246,407.3250627628975,466.05103514278596,525.2405346869241,584.6570689308674,644.1232934532608,703.4676150028673,762.4602639038359,820.6913454052842,877.2121795517293,928.9673180713186,969.0433219444483,992.5414841586262,1000.0
76.38190954773869,84.81683647697794,108.62757390078136,144.53961892373908,189.14029923691356,239.56495370974892,293.7124673329585,350.164920790888,408.0113198936285,466.6801740360462,525.8121455571398,585.1706702730701,644.5781333431495,703.8624085147675,762.7927440580322,820.957370963503,877.4038831389695,929.0750952445798,969.0854341090137,992.5512695594128,1000.0
77.38693467336682,85.8154984746016,109.60617753195999,145.48485988941124,190.04212716904124,240.41690237174623,294.51081439596913,350.907682493587,408.6974772653231,467.30916872755523,526.3835651336914,585.6840313351873,645.0326825776083,704.2568601825258,763.124831813086,821.2229595371272,877.5951370887412,929.1825787896016,969.1274378967062,992.5610270574413,1000.0
78.39195979899498,86.81416673741896,110.58479920868184,146.43012520166192,190.9439748060279,241.26885412373883,295.3091375383208,351.65038532918356,409.38353519760216,467.93801955127725,526.9547937612924,586.1971524766735,645.4869415461849,704.6509704606678,763.4565277621833,821.4881120209601,877.7859429673335,929.2897698932422,969.1693336537064,992.5707567251968,1000.0
79.39698492462311,87.81284127302649,111.56343896690106,147.37541494654823,191.8458422949652,242.12080917244757,296.10743701618037,352.3930295896448,410.069494005477,468.56672683617217,527.5258317792773,586.7100340512618,645.9409106324186,705.0447397974989,763.7878324921274,821.7528293029515,877.976302330203,929.3966697227805,969.2111217108713,992.5804586322973,1000.0
80.40201005025125,88.81152208878571,112.54209684170824,148.32072920848827,192.7477297806085,242.9727677216936,296.90571308235815,353.13561556318695,410.755353999845,469.1952909067421,528.0966795222017,587.2226764076268,646.3945902145803,705.4381686359463,764.118746584331,822.0171122654434,878.1662167237216,929.5032794287313,969.252802385889,992.5901328459531,1000.0
81.40703517587939,89.810209191856,113.5207728674391,149.2660680704496,193.6496374056314,243.82472997270577,297.7039659866592,353.87814353466644,411.4411154879202,469.82371208350196,528.6673373203574,587.7350798899507,646.8479806663008,705.8312574142747,764.4492706156612,822.2809617862366,878.3556876866802,929.6096001473409,969.2943759852171,992.5997794313802,1000.0
82.41206030150752,90.80890258922405,114.49946707777345,150.21143161412147,194.55156531085623,244.67669612439585,298.50219597619457,354.6206137859229,412.12677877360505,470.45199068338144,529.2378055002072,588.2472448383976,647.301082357098,706.2240065666828,764.7794051591492,822.5443787394936,878.5447167515741,929.7156330027954,969.3358428058208,992.6093984521677,1000.0
83.41708542713567,91.80760228772955,115.47817950582338,151.15681992006955,195.45351363546013,245.52866637360134,299.30040329565173,355.3630265960723,412.8123441578053,471.0801270200615,529.8080843847458,588.7591715895047,647.7538956528076,706.6164165237974,765.1091507845781,822.8073639964964,878.7333054456909,929.8213791091664,969.3772031367321,992.6189899706083,1000.0
84.42211055276381,92.80630829408707,116.45691018421006,152.1022330678719,196.35548251715525,246.3806409152961,300.0985881875264,356.1053822417545,413.49781193869137,471.70812140425045,530.3781742937937,589.2708604764986,648.2064209159321,707.0084877130694,765.438508058962,823.069918426272,878.9214552920209,929.9268395721201,969.4184572604419,992.6285540479877,1000.0
85.42713567839195,93.80502061490391,117.43565914512882,153.0476711362366,197.25747209234459,247.23261994276967,300.8967508923158,356.84768099733657,414.1831824119094,472.3359741439031,530.948075544226,589.7823118295397,648.6586585059093,707.4002205590833,765.7674775469237,823.3320428960964,879.1091678100026,930.0320154904064,969.4596054541399,992.6380907448427,1000.0
86.4321608040201,94.80373925669379,118.41442642040214,153.99313420309957,198.1594824962511,248.08460364777443,301.69489164867565,357.5899231350737,414.86845587074504,472.96368554438686,531.5177884501438,590.2935259759025,649.11060877931,707.7916154837849,766.0960598109793,823.5937382718873,879.2964445161182,930.1369079571451,969.5006479908119,992.6476001211856,1000.0
87.43718592964824,95.80246422588627,119.39321204151983,154.93862234570273,199.0615138630216,248.93659222064198,302.4930106935398,358.3321089252289,415.5536326062407,473.5912559085979,532.0873133229908,590.804503240096,649.5622720899685,708.1826729066365,766.4242554117413,823.8550054184968,879.4832869243503,930.2415180609255,969.5415851402048,992.6570822366986,1000.0
88.44221105527637,96.801195528832,120.37201603966709,155.88413564065203,199.963566325804,249.78858585036815,303.29110826220597,359.0742386361541,416.23871290727067,474.21868553703,532.6566504716167,591.3152439439273,650.0136487890529,708.5733932447041,766.7520649080411,824.1158451999092,879.6696965465109,930.3458468867291,969.5824171696688,992.6665371509016,1000.0
89.44723618090451,98.21592174389443,122.90367065293051,159.7146120579418,204.74248702031983,255.06444850181776,308.710819842119,364.4058379800102,421.3392421523,478.9976088575963,537.0481011799843,595.2593494988779,653.4435918219198,711.4040676027944,768.8668690442965,825.3583584022571,879.9311558188488,930.2808766907594,969.6329186780738,992.6876503096198,1000.0
90.45226130653265,99.2151720479125,123.89440415130134,160.69470266251244,205.69905122016436,255.98276932850712,309.5798645110776,365.2185898439555,422.0914184757337,479.6863658415049,537.6710977314033,595.8141339319865,653.9271955772986,711.8127096728886,769.1957643662306,825.6019777597529,880.0856221624679,930.3498851152231,969.6496613269337,992.6895594855035,1000.0
91.4572864321608,100.2138221256155,124.88342240256536,161.67226926460503,206.65268765474733,256.8980528675758,310.44595418400075,366.028585280643,422.84110191728604,480.37292624119954,538.2922083570031,596.3673493541762,654.4095552499167,712.2204566233,769.5241795895299,825.8456855241789,880.2410252502046,930.4207758886743,969.668124598212,992.6920513159398,1000.0
92.46231155778894,101.21188008984069,125.87075582381382,162.6473686879073,207.60347324382542,257.8103879076496,311.30918307025814,366.8359197296001,423.58838677072504,481.0573821001882,538.9115225823512,596.9190830146156,654.8907562618234,712.6273922933043,769.8521962571896,826.0895577702715,880.3974272200563,930.493583153989,969.6883249131722,992.6951333174314,1000.0
93.46733668341707,102.20935303588494,126.85643170241559,163.62005276944964,208.55147871911595,258.71985639427174,312.16963824853553,367.64068143679924,424.333360201388,481.739818465553,539.5291230986231,597.4694154996098,655.3708775453849,713.0335942135831,770.1798898214139,826.3336648102636,880.5548850518715,930.5683369518364,969.7102760297422,992.6988120788872,1000.0
94.47236180904522,103.20624710746603,127.84047440037,164.59036868613904,209.49676902673124,259.6265338685644,313.02740011463834,368.44295189488025,425.0761026691147,482.4203137882305,540.1450861374348,598.0184210806289,655.8499918638383,713.4391338986876,770.5073299066827,826.5780714242579,880.7134507544731,930.6450633423519,969.7339890973044,992.703093274929,1000.0
95.47738693467336,104.20256755648879,128.8229055397789,165.55835925171664,210.43940369381517,260.5304898675399,313.8825427908455,369.2428062463217,425.8166883163927,483.0989402912597,540.7594818166679,598.5661680365074,656.328166109302,713.8440771203411,770.8345805571954,826.8228370787681,880.8731715451989,930.7237845248982,969.7594727134723,992.7079816805302,1000.0
96.4824120603015,105.19831879727458,129.80374417140652,166.52406318717337,211.37943716302175,261.4317882899463,314.7351345007024,370.0403136533049,426.5551853252367,483.77576430924273,541.37237446023,599.1127189524411,656.8054615805289,714.2484841635292,771.1617004702842,827.0680161346208,881.0340900226156,930.804518956115,969.7867329826822,992.7134811868593,1000.0
97.48743718592964,106.19350445583395,130.78300692805743,167.48751536728366,212.31691909802257,262.3304877310417,315.5852379126431,370.8355376375327,427.2916562458553,484.4508466018265,541.9838228942909,599.6581309980363,657.2819342423802,714.6524100670534,771.4887432171565,827.3136580452458,881.1962443330419,930.8872814664052,969.8157735764155,992.7195948182089,1000.0
98.49246231155777,107.18812741469775,131.76070816431437,168.44874704562972,213.2518946628847,263.2266417893248,316.4329104554691,371.6285363929109,428.0261582998293,485.12424264370645,542.5938807222504,600.2024561864167,657.757634968751,715.0559048500127,771.8157574521499,827.5598075462283,881.3596683314095,930.9720833749375,969.8465957948514,992.7263247498873,1000.0
99.49748743718592,108.18218985376389,132.73686008400128,169.4077860602236,214.18440477784728,264.120299347916,317.27820460837256,372.4193630736726,428.7587436602151,485.79600289336287,543.2025965804306,600.7457416161462,658.2326097704736,715.4590137254887,772.1427871115155,827.806504836858,881.5243917368757,931.0589326031914,969.8791986297323,992.7336723269499,1000.0
100.50251256281406,109.17569328756474,133.71147285658614,170.36465702159487,215.1144863537322,265.011504832966,318.1211681678747,373.20806606021773,429.48945971069094,486.4661730424687,543.8100143762289,601.2880296974995,658.7069000095184,715.8617773025387,772.4698716026031,828.0537857543031,881.6904402835381,931.1478337870367,969.9135788282233,992.7416380836488,1000.0
101.5075376884422,110.16863859931945,134.68455472361165,171.31938148502402,216.04217250700552,265.9002984512408,318.9618444938238,373.9946892047227,430.218349285666,487.13479424772055,544.4161735103085,601.829358364465,659.1805426006763,716.2642317774747,772.7970459842167,828.3016819409479,881.85783586653,931.2387883873095,969.9497309575441,992.7502217634876,1000.0
102.51256281407035,111.16102607209334,135.656112096118,172.27197810840414,216.96749275726168,266.78671640876485,319.8002727363229,374.77927205830747,430.94545089301056,487.8019033466027,545.0211090841691,602.3697612736555,659.6535702017288,716.6664091152596,773.1243411387827,828.5502210053336,882.026596683709,931.3317947988144,969.9876474701483,992.7594223397635,1000.0
103.51758793969849,112.1528554173561,136.62614964393143,173.22246279707963,217.89047320874946,267.67079111224524,320.63648804530476,375.56185008140204,431.67079892093744,488.4675330584775,545.6248520943435,602.9092679912144,660.1260113930289,717.0683372217732,773.4517839369086,828.7994266770919,882.1967373731183,931.4268484576697,970.0273187692299,992.7692380364902,1000.0
104.52261306532662,113.14412580119847,137.5946703775926,174.17084883685098,218.81113671736003,268.5525513547858,321.47052176425353,376.34245483874264,432.39442383035924,489.1317121722021,546.2274296142849,603.4479041686435,660.5978908472758,717.4700401075869,773.779397394817,829.049318956194,882.368269146354,931.5239419469071,970.0687332743503,992.7796663495997,1000.0
105.52763819095476,114.13483586844315,138.5616757236301,175.11714701623194,219.72950304437828,269.43202248727124,322.3024016094425,377.12111418030497,433.11635233393395,489.79446572137283,546.8288649649255,603.9856917084006,661.0692294902016,717.8715380438239,774.1072008250886,829.2999142567877,882.5411999179446,931.6230651002126,970.1118774869753,992.7907040683231,1000.0
106.5326633165829,115.1249837648621,139.52716559381125,176.0613657389297,220.64558899815836,270.3092265766562,323.13215183591797,377.89785240934384,433.8366075628812,490.455815148173,547.4291778747659,604.522648920014,661.5400446527897,718.2728477106048,774.4352099810849,829.5512255458608,882.7155344308214,931.7242051037124,970.1567360557304,992.8023472966604,1000.0
107.53768844221105,116.11456715769216,140.49113844893986,177.00351112742104,221.55940856476442,271.1841825522607,323.9597933913188,378.67269043857874,434.55520922253015,491.1157784566948,548.0283846302677,605.0587906673775,662.0103502155878,718.6739823385273,774.7634371953798,829.8032624769343,882.8912743779482,931.8273465956901,970.2032918411905,992.8145914748543,1000.0
108.54271356783919,116.77716603520814,139.95202762039526,174.79985259668794,218.00931923926532,266.82988677102674,319.24898684649503,373.905539253859,429.9205745008941,486.7382388694677,544.0044892111962,601.4809074652386,658.981555863335,716.3176642184026,773.2280311179579,829.2442042013689,883.3092539266177,932.3749557425363,970.3773749794777,992.8500131025737,1000.0
109.54773869346732,117.77603126943177,140.9312235075607,175.74591024905226,218.9118435644634,267.682027844965,320.04668479011656,374.6465496945156,430.6036921670972,487.36277757167375,544.5699499974755,601.9867487307806,659.426988500455,716.7013957207855,773.547855363777,829.4962627893333,883.4869122090321,932.4736193632798,970.4160595970816,992.858910663557,1000.0
110.55276381909547,118.77490290157992,141.9104382280281,176.69199435824126,219.8143914027244,268.5341775148507,320.8443657301102,375.3875091849984,431.28671891811024,487.9871812604907,545.1352289261687,602.492359570051,659.8721413248498,717.0847984621525,773.8673050981942,829.7479124963127,883.6641698751637,932.5720248985559,970.4546450123723,992.8677824047272,1000.0
111.55778894472361,119.77378093309028,142.88967179672602,177.63810497202968,220.71696284724476,269.3863359209872,321.64202984648,376.1284179332607,431.969654978329,488.61145016881784,545.700326236784,602.9977402360297,660.3170146230706,717.467872804871,774.1863808429366,829.9991541700142,883.8410283735448,932.6701734066446,970.4931315152394,992.876628395316,1000.0
112.56281407035175,120.7726653652346,143.86892422800076,178.5842421371102,221.6195579896853,270.23850320178764,322.4396773170795,376.8692761449157,432.6525005696708,489.2355845269865,546.2652421662405,603.5028909791916,660.7616086794179,717.8506191095614,774.5050831187897,830.2499886579764,884.0174891498589,932.7680659448167,970.5315193969905,992.8854487049853,1000.0
113.56783919597989,121.7715561991186,144.84819553561522,179.53040589908957,222.52217692016373,271.0906794937638,323.2373083175988,377.6100840232214,433.33525591155757,489.8595845627424,546.8299769488484,604.0078120474876,661.2059237759198,718.2330377350701,774.8234124455586,830.5004168074983,884.1935536467951,932.865703569185,970.5698089502871,992.8942434038122,1000.0
114.57286432160802,122.7704534356818,145.82748573274745,180.47659630248486,223.42481972724832,271.942864931517,324.03492302155183,378.350841769066,434.01792122090035,490.4834505012286,547.3945308162916,604.5125036863247,661.6499601923107,718.6151290384455,775.1413693420324,830.7504394655709,884.3692233039098,932.9630873345604,970.6080004690801,992.9030125622729,1000.0
115.57788944723617,123.76935707569741,146.80679483198966,181.42281339072048,224.32748649795178,272.7950596477296,324.8325216002665,379.0915495809561,434.70049671208596,491.1071825649723,547.9589039976146,605.0169661385536,662.0937182060184,718.9968933749198,775.4589543259551,831.0000574788162,884.5444995574951,933.0602182943129,970.646094248548,992.9117562512292,1000.0
116.58291457286431,124.76826711977225,147.7861228453475,182.36905720612518,225.2301773177262,273.64726377315714,325.6301042228748,379.83220765500664,435.38298259696677,491.7307809738742,548.5230967192116,605.5211996444573,662.5371980921514,719.3783310978941,775.7761679140009,831.2492716934306,884.719383840456,933.1570975002386,970.6840905850356,992.9204745419124,1000.0
117.58793969849245,125.7671835683469,148.76546978423943,183.31532778993014,226.13289227045874,274.49947743662256,326.42767105630554,380.5728161849319,436.06537908485154,492.3542459451998,549.0871092048187,606.0252044417447,662.9804001234921,719.7594425589289,776.0930106217531,831.4980829551338,884.8938775821924,933.253726002432,970.7219897759956,992.9291675059105,1000.0
118.5929648241206,126.76610642169554,149.744835659496,184.2616251822666,227.03563143846773,275.35170076501043,327.2252222652776,381.31337536203915,436.7476863824995,492.9775776935743,549.6509416755097,606.5289807655465,663.4233245704935,720.140228107737,776.4094829636892,831.7464921091221,885.0679822084907,933.3501048491639,970.7597921199302,992.9378352151534,1000.0
119.59798994974874,127.76503567992614,150.72422048135977,185.2079494221645,227.93839490249934,276.20393388326244,328.022758012295,382.0538853752234,437.42990469411575,493.60077643097895,550.2145943496939,607.0325288484144,663.865971701278,720.5206880921824,776.725585453169,831.9945000000275,885.2416991414194,933.4462350867625,970.7974979163356,992.9464777418999,1000.0
120.60301507537687,128.76397134298057,151.703624259485,186.15430054755114,228.84118274172542,277.05617691437413,328.82027845764316,382.79434641096395,438.1120342213481,494.2238423667498,550.7780674431166,607.5358489203235,664.3083417816421,720.9008228582809,777.0413186024265,832.2421074718802,885.4150297992326,933.542117759502,970.8351074656468,992.9550951587244,1000.0
121.60804020100501,129.76291341063472,152.6830470029377,187.10067859525032,229.74399503374096,277.9084299793917,329.61778375938513,383.53475865332143,438.7940751632867,494.84677570757856,551.3413611688619,608.0389412086777,664.750435075061,721.2806327502057,777.3566829225673,832.4893153680761,885.5879755962798,933.6377539094942,970.872621069185,992.9636875385037,1000.0
122.61306532663315,130.7618618824987,153.6624887201958,188.04708360098167,230.6468318545631,278.7606931974106,330.4152740733611,384.27512228393846,439.47602771646524,495.4695766575165,551.9044757373595,608.5418059383175,665.1922518426999,721.6601181102956,777.6716789235683,832.736124531348,885.7605379429202,933.7331445765852,970.910039029105,992.9722549544049,1000.0
123.6180904522613,131.76081675801706,154.64194941914917,188.99351559936034,231.54969327862975,279.6129666855737,331.2127495531867,385.0154374820387,440.15789207486256,496.092245417978,552.4674113563907,609.0444433315299,665.6337923434243,722.039279279066,777.9863071142803,832.9825358037411,885.9327182454447,933.8282907982568,970.9473616483455,992.9807974798731,1000.0
124.62311557788944,132.75977803646896,155.62142910710014,189.93997462389697,232.45257937879947,280.4652505590713,332.0102103502538,385.75570442442984,440.83966842990765,496.7147821877491,553.0301682310998,609.5468536080624,666.0750568338174,722.4181165952256,778.3005680024372,833.228550026593,886.1045179060018,933.9231936095327,970.9845892305796,992.9893151886185,1000.0
125.62814070351757,133.7587457169686,156.600927790764,190.8864607069979,233.355490226351,281.3175449311411,332.8076566137316,386.49592328550614,441.52135697048504,497.33718716299535,553.5927465640058,610.0490369851378,666.5160455681967,722.796630395692,778.6144620946645,833.4741680405153,886.2759383225305,934.0178540428886,971.0217220801679,992.9978081546067,1000.0
126.63316582914572,134.75771979846533,157.5804454762695,191.83297387996558,234.25842589098414,282.1698499130692,333.60508849056873,387.23609423725264,442.20295788294135,497.95946053727164,554.1551465550158,610.5509936774715,666.9567587986338,723.1748210156127,778.9279898964927,833.719390685381,886.4469808886964,934.1122731281658,971.0587605021116,993.0062764520445,1000.0
127.63819095477386,135.75670027974405,158.55998216915955,192.7795141729993,235.16138644082008,283.0221656141912,334.402506125496,387.9762174492505,442.8844713510942,498.5816025015354,554.717368401442,611.0527238972925,667.3971967749791,723.5526887883901,779.2411519123754,833.9642188003137,886.6176469938359,934.2064518924913,971.0957048020075,993.014720155372,1000.0
128.643216080402,136.75568715942566,159.53953787439207,193.72608161519622,236.06437194240294,283.8744921418949,335.1999096610307,388.71629308868336,443.5658975562414,499.203613244159,555.2794122980181,611.5542278543631,667.8373597448848,723.9302340457044,779.5539486457055,834.2086532236804,886.7879380229004,934.3003913601982,971.1325552860047,993.023139339249,1000.0
129.64824120603015,137.75468043596723,160.51911259634076,194.67267623455217,236.96738246070097,284.72682960162217,335.9972992374802,389.45632132034433,444.24723667717205,499.82549295094555,555.8412784369201,612.0555057560053,668.277247953834,724.3074571175442,779.8663805988398,834.4526947930875,886.9578553564112,934.3940925527543,971.1693122607619,993.0315340785465,1000.0
130.65326633165827,138.75368010766604,161.49870633880545,195.6192980579731,237.87041805911494,285.57917809687626,336.7946749929516,390.19630230664893,444.92848889018404,500.4472418051514,556.402967007794,612.5565578071331,668.7168616451781,724.6843583322454,780.1784482731302,834.6963443453873,887.1274003704187,934.4875564886944,971.2059760334088,993.0399044483356,1000.0
131.65829145728642,139.75268617290752,162.47831910566845,196.56594711195802,238.77347879989074,286.43153772945914,337.5920370635594,390.936236207901,445.60965436944554,501.0688599879527,556.9644781983204,613.0573842108975,669.1562010608372,725.0609380172109,780.4901521696142,834.9396027172488,887.2965744368681,934.5807841838448,971.2425469116649,993.0482505239081,1000.0
132.66331658291455,140.75169862939708,163.45795089885505,197.5126234204583,239.6765647427927,287.28390859867386,338.3893855827192,391.6761231814212,446.29073328585145,501.69034767700725,557.5258121925068,613.5579851667642,669.5952664392364,725.4371964968051,780.8014927869935,835.1824707434145,887.4653789223469,934.6737766504089,971.2790252033371,993.056572380679,1000.0
133.6683417085427,141.7507174749421,164.43760172041414,198.45932700708067,240.57967594650728,288.1362908022133,339.186720681956,392.415963382528,446.97172580828175,502.3117050480113,558.0869691725165,614.0583608725576,670.0340580174889,725.8131340945697,781.1124706237387,835.4249492584604,887.6338151892563,934.7665348977324,971.3154112167284,993.064870094262,1000.0
134.67336683417085,142.74974270718812,165.41727157181614,199.40605789433891,241.48281246815756,288.9886844358443,339.9840424906173,393.15575696419813,447.652632103177,502.9329322741843,558.6479493180724,614.5585115238041,670.4725760307022,726.1887511325253,781.4230861774246,835.6670390962197,887.801884595389,934.859059931982,971.3517052604584,993.0731437404322,1000.0
135.67839195979897,143.7487743236199,166.3969604539543,200.35281610365607,242.38597436330616,289.84108959341256,340.78135113588047,393.89550407707793,448.3334523345541,503.55402952629066,559.2087528064849,615.0584373137648,670.9108207120155,726.5640479312115,781.7333399447656,835.9087410897935,887.9695884939035,934.9513527560916,971.3879076434271,993.0813933951176,1000.0
136.68341708542712,144.74781232156158,167.37666836714612,201.29960165536664,243.28916168595904,290.6935063668487,341.57864674276186,394.63520486949653,449.01418666402515,504.17499697266317,559.7693798126809,615.5581384334707,671.3487922926411,726.9390248097293,782.043232421653,836.1500560715637,888.1369282333065,935.0434143697155,971.4240186747826,993.0896191343909,1000.0
137.68844221105527,145.74685669817714,168.3563953111345,202.24641456871876,244.19237448856873,291.5459348461733,342.37592943412534,395.3748594874784,449.69483525081404,504.79583477922654,560.3298305092336,616.0576150717583,671.7864910019031,727.313682085783,782.352764103191,836.3909848732069,888.3039051574341,935.1352457691797,971.4600386638863,993.0978210344597,1000.0
138.6934673366834,146.74590745047092,169.33614128508924,203.19325486187648,245.09561282203802,292.3983751195031,343.17319933069126,396.11446807475676,450.3753982517758,505.4165431095213,560.8901050663924,616.5568674153056,672.2239170672806,727.6880200757257,782.661935483738,836.6315283257119,888.4705206054387,935.226847947441,971.4959679202819,993.1059991716598,1000.0
139.69849246231155,147.74496457528846,170.3159062876089,204.1401225519227,245.9988767357246,293.25082727305767,343.97045655104694,396.85403077278835,451.0558758214161,506.0371221247303,561.4502036521156,617.0558956486716,672.6610707144505,728.0620390946046,782.9707470569465,836.8716872593964,888.6367759117786,935.3182218940452,971.5318067536649,993.1141536224465,1000.0
140.7035175879397,148.7440280693165,171.29569031672173,205.08701765486109,246.90216627744417,294.1032913911652,344.76770121165583,397.5935477207672,451.73626811191076,506.65757198370335,562.0101264321024,617.554699954333,673.0979521673318,728.4357394562078,783.2791993158057,837.1114625039273,888.8026724062101,935.4093685950903,971.5675554738513,993.1222844633864,1000.0
141.70854271356782,149.74309792908377,172.27549336988739,206.0339401856191,247.80548149347524,294.9557675562696,345.5649334268677,398.3330190556394,452.41657527312606,507.2778928429845,562.5698735698251,618.0532805127257,673.5345616481306,728.8091214731121,783.5872927526841,837.3508548883411,888.9682114137826,935.5002890331914,971.6032143907497,993.1303917711507,1000.0
142.71356783919597,150.74217415096163,173.25531544399874,206.98089015805067,248.70882242856345,295.80825584893745,346.3621533089298,399.07244491211907,453.0967974526402,507.8980848568396,563.1294452265647,618.5516375022844,673.9708993773874,729.1821854567331,783.895027859375,837.5898652410671,889.1333942548371,935.5909841874488,971.6387838143335,993.1384756225073,1000.0
143.7185929648241,151.74125673116436,174.235156535383,207.92786758493858,249.61218912592554,296.6607563478643,347.1593609679969,399.81182542270295,453.77693479576374,508.51814817728297,563.6888415614442,619.0497710994837,674.4069655740224,729.554931717374,784.2024051271414,837.8284943899495,889.2982222450058,935.6814550334186,971.6742640546129,993.1465360943138,1000.0
144.72361809045225,152.74034566574989,175.21501663980388,208.8748724779979,250.51558162725465,297.51326912988316,347.956556512143,400.55116071768737,454.4569874455624,509.13808295410684,564.2480627314646,619.547681478881,674.8427604553849,729.9273605642773,784.5094250467627,838.0667431622736,889.4626966952159,935.7717025430848,971.7096554216099,993.1545732635104,1000.0
145.7286432160804,153.73944095062012,176.19489575246254,209.82190484787805,251.41899997272375,298.36579426997014,348.75374004737137,401.2904509251831,455.1369555428778,509.7578893349088,564.8071088915392,620.045368813158,675.2782842373007,730.2994723056756,784.8160881085814,838.3046123847906,889.6268189116944,935.8617276848353,971.7449582253328,993.1625872071141,1000.0
146.73366834170852,154.73854258152178,177.17479386799977,210.7689647041661,252.32244420099153,299.2183318412533,349.550911677627,402.0296961711326,455.8168392263506,510.3775674651218,565.3659801945315,620.5428332731647,675.7135371341227,730.6712672488451,785.1223948025518,838.5421028837444,889.7905901959753,935.9515314234391,971.7801727757511,993.1705780022106,1000.0
147.73869346733667,155.73765055404675,178.1547109804973,211.71605205538958,253.22591434920596,300.07088191501896,350.3480715048071,402.76889657932605,456.49663863244297,510.99711748804293,565.9246767912903,621.0400750279623,676.148519358779,731.0427457001574,785.428345618288,838.7792154848992,889.95401184491,936.0411147200257,971.8152993827734,993.1785457259492,1000.0
148.7437185929648,156.73676486363252,179.13464708347948,212.66316690901922,254.12941045300974,300.92344456072004,351.14521962877313,403.50805227141836,457.17635389546126,511.61653954486343,566.4831988306873,621.5370942448681,676.5832311228245,731.4139079651336,785.7339410451135,839.0159510135679,890.1170851506785,936.1304785320677,971.8503383562241,993.1864904555365,1000.0
149.74874371859295,157.73588550556303,180.114602169915,213.610309271472,255.0329325465448,301.7760198459833,351.94235614736226,404.2471633669456,457.8559851475789,512.2358337746983,567.0415464596548,622.0338910894994,677.0176726364908,731.7847543484984,786.0391815721111,839.2523102946411,890.2798114008023,936.2196238133641,971.8852900058216,993.1944122682296,1000.0
150.7537688442211,158.73501247496907,181.09457623221851,214.5574791481139,255.936480662457,302.6286078366168,352.739481156399,404.9862299833422,458.5355325188601,512.8550003146171,567.5997198232221,622.530465725819,677.451844108738,732.1552851542342,786.344067688173,839.4882941526166,890.4421918781608,936.3085515140261,971.920154641157,993.2023112413317,1000.0
151.75879396984922,159.73414576682862,182.07456926225206,215.50467654326295,256.84005483190083,303.4812085966179,353.53659474970704,405.72525223595807,459.21499613728275,513.4740392996736,568.1577190645546,623.0268183161797,677.8857457473061,732.5255006856363,786.6485998820515,839.7239034116297,890.6042278610073,936.3972625804654,971.9549325716745,993.2101874521849,1000.0
152.76381909547737,160.7332853759678,183.0545812513271,216.45190146019192,257.74365508454446,304.3338221881806,354.3336970191209,406.4642302380752,459.8943761287615,514.0929508629367,568.7155443249908,623.52294902137,678.319377758766,732.8954012453673,786.9527786424087,839.9591388954841,890.7659206229885,936.4857579553834,971.9896241066521,993.2180409781661,1000.0
153.76884422110552,161.73243129706108,184.0346121902057,217.39915390113146,258.6472814485742,305.1864486717034,355.1307880544979,407.20316410092533,460.57367261717235,514.711735135521,569.2731957440814,624.0188580006601,678.7527403485727,733.2649871355137,787.2566044578701,840.1940014276825,890.9272714331636,936.5740385777631,972.024229555182,993.2258718966812,1000.0
154.77386934673365,162.73158352463193,185.01466206910237,218.34643386727262,259.5509339506991,306.0390881057965,355.9278679437294,407.94205393370686,461.2528857243751,515.3303922466182,569.8306734596271,624.5145454118472,679.185833721117,733.6342586576404,787.5600778170741,840.4284918314587,891.0882815560267,936.6621053828615,972.0587492261535,993.2336802851595,1000.0
155.7788944723618,163.7307420530534,185.99473087768567,219.29374135877,260.45461261615606,306.89174054729006,356.72493677275315,408.68089984360154,461.93201557023735,515.9489223235258,570.3879776077165,625.0100114113015,679.6186580797772,734.0032161128463,787.8631992087232,840.6626109298089,891.2489522515294,936.749959302205,972.0931834282346,993.2414662210498,1000.0
156.78391959798995,164.7299068765486,186.97481860507972,220.24107637474435,261.3583174687143,307.7444060512411,357.5219946255648,409.4197019357926,462.6110622726585,516.567325491681,570.9451083227665,625.5052561540131,680.0512136269734,734.3718598018218,788.1659691216381,840.8963595455241,891.4092847751047,936.8376012635854,972.1275324698568,993.2492297818145,1000.0
157.78894472361807,165.7290779891912,187.95492523986573,221.18843891328544,262.2620485306796,308.5970846709413,358.3190415842291,410.1584603134806,463.29002594759226,517.1856018746887,571.5020657375585,626.0002797936363,680.4835005642176,734.740190024902,788.4683880448056,841.1297385012211,891.569280377692,936.9250321910575,972.1617966591973,993.2569710449258,1000.0
158.79396984924622,166.72825538490608,188.93505077008365,222.13582897145469,263.16580582289936,309.44977645792426,359.11607772889215,410.89717507790135,463.9689067090714,517.8037515943545,572.0588499832785,626.495082482538,680.9155190921686,735.1082070821249,788.7704564674334,841.3627486193766,891.728940305765,937.0122530049393,972.1959763041658,993.2646900878605,1000.0
159.79899497487435,167.7274390574696,189.91519518323372,223.0832465452881,264.06958936476684,310.30248146197306,359.9131031377926,411.6358463283424,464.64770466923034,518.4217747707139,572.6154611895553,626.9896643718421,681.3472694106831,735.4759112732863,789.072174879,841.5953907223584,891.8882658013573,937.0992646218115,972.2300717123879,993.2723869880962,1000.0
160.8040201005025,168.72662900051048,190.89535846627786,224.0306916297986,264.9733991742255,311.1551997311272,360.7101178872725,412.3744741621598,465.32641993832834,519.0396715220636,573.171899484498,627.4840256114755,681.7787517188683,735.8433028979949,789.3735437693058,841.8276656324571,892.0472581020913,937.18606795452,972.2640831911918,993.2800618231066,1000.0
161.80904522613065,169.7258252075099,191.8755406056412,224.97816421897895,265.87723526777364,312.00793131169,361.5071220517896,413.11305867479524,466.0050526247739,519.6574419649926,573.7281649947363,627.9781663502164,682.209966215136,736.21038225573,789.6745636285265,842.0595741719206,892.2059184412087,937.2726639121798,972.2980110475949,993.287714670358,1000.0
162.81407035175877,170.72502767180225,192.85574158721357,225.925664305804,266.78109766046816,312.8606762482356,362.3041157039277,413.85159995979177,466.6836028351462,520.2750862144113,574.2842578454561,628.4720867357361,682.6409130972514,736.5771496458937,789.9752349472607,842.2911171629839,892.3642480475987,937.3590534001787,972.3318555882903,993.2953456073044,1000.0
163.81909547738692,171.72423638657565,193.835961396351,226.87319188223353,267.68498636592943,313.7134345836159,363.1010989144081,414.59009810881145,467.36207067421986,520.8926043835836,574.8401781604406,628.9657869146487,683.0715925623894,736.9436053678697,790.2755582165838,842.5222954279033,892.5222481458303,937.4452373201829,972.3656171196346,993.3029547113845,1000.0
164.82412060301505,172.72345134487227,194.81620001787698,227.82074693921453,268.5889013963449,314.5662063589672,363.89807175210024,415.3285532116505,468.0404562449862,521.5099965841554,575.3959260621057,629.4592670325545,683.5020048071833,737.309749721076,790.5755339280967,842.7531097889866,892.6799199561827,937.5312165701445,972.3992959476365,993.3105420600174,1000.0
165.8291457286432,173.72267253958898,195.7964574360841,228.76832946668367,269.49284276247323,315.4189916137174,364.69503428403266,416.06696535625616,468.718759648677,522.1272629261861,575.9515016715396,629.9525272340861,683.9321500277784,737.6755830050201,790.8751625739768,842.9835610686266,892.8372646946787,937.6169920443091,972.4328923779444,993.3181077305996,1000.0
166.83417085427135,174.7218999634777,196.77673363473505,229.71593945356938,270.39681047364826,316.2717903855921,365.49198657540353,416.8053346287422,469.39698098478635,522.7444035181774,576.5069051085393,630.4455676629535,684.3620284198831,738.0411055193546,791.1744446470276,843.2136500893317,892.9942835731161,937.7025646332244,972.4664067158365,993.325651800501,1000.0
167.83919597989947,175.72113361128575,197.75702859640185,230.66357687266796,271.3008045070219,317.12460267133804,366.28892864760235,417.5436610722456,470.07512031316196,523.3614184342418,577.0621364653539,630.9383884434841,684.7916401690371,738.4063175633663,791.473380648995,843.4433776886387,893.1509778149938,937.7879352275387,972.49983926238,993.3331743461628,1000.0
168.84422110552762,176.7203734713288,198.73734230593223,231.61124174325337,272.2048249341235,317.97742858866525,367.0858606521733,418.281944858703,470.75317781393596,523.97830785476,577.6171959220134,631.4309897656472,685.2209855014821,738.7712194505158,791.7719710699869,843.6727446715711,893.3073486016578,937.8731047060338,972.5331903290224,993.3406754465656,1000.0
169.84924623115577,177.7196195379811,199.7176747442077,232.55893403439646,273.10887172640327,318.83026812708715,367.882782602167,419.02018602214963,471.431153537365,524.5950718439983,578.1720835608999,631.9233717441515,685.6500645937049,739.1358114719092,792.0702164044292,843.9017518676183,893.463397141476,937.9580739496163,972.5664602163891,993.3481551781417,1000.0
170.8542713567839,178.7188718034337,200.6980258929423,233.5066537311411,274.0129448877453,319.6831213178971,368.67969455598427,419.7583846420567,472.10904757686353,525.2117105052871,578.7267994978947,632.4155345204458,686.078877641253,739.5000939294686,792.3681171493137,844.1304001012152,893.6191246305963,938.0428438343573,972.5996492280138,993.3556136180936,1000.0
171.85929648241205,179.71813025973987,201.67839573334618,234.45440081757732,274.91704442070096,320.53598819082663,369.4765965703942,420.4965407963277,472.78686002444726,525.8282239408156,579.2813438480829,632.9074782356248,686.5074248398702,739.864067125934,792.6656738029194,844.358690197466,893.77453226142,938.1274152327358,972.6327576669354,993.3630508435673,1000.0
172.8643216080402,180.717394898817,202.65878424613385,235.4021752768588,275.82117032651973,321.3888687740924,370.2734887005993,421.2346545613837,473.4645909708401,526.4446122517611,579.8357167259048,633.3992030306039,686.9357063856899,740.2277313650682,792.962886865017,844.5866229823232,893.929621222747,938.2117890136572,972.6657858356507,993.3704669316429,1000.0
173.86934673366832,181.71666571244967,203.6391914115353,236.34997709122777,276.7253226051913,322.2417630944596,371.07037100032335,421.9727260122779,474.1422405056174,527.0608755384607,580.3899182453572,633.8907090463465,687.3637224754851,740.5910869519232,793.2597568371339,844.8141992828221,894.0843926999586,938.2959660424659,972.6987340360449,993.3778619593205,1000.0
174.87437185929647,182.71594269229342,204.61961720931137,237.2978062420485,277.629501255504,323.0946711773302,371.86724352193266,422.7107552228525,474.8198087173995,527.6770139006443,580.9439485202629,634.3819964241688,687.7914733070048,740.9541341931958,793.5562842229101,845.0414199273991,894.2388478752576,938.3799471809457,972.7316025692888,993.3852360035003,1000.0
175.8793969849246,183.71522582987984,205.60006161877445,238.24566270985383,278.5337062751251,323.947593046863,372.6641063166017,423.4487422659533,475.49729569411704,528.293027437749,581.4978076646356,634.8730653061524,688.218959079425,741.3168733977066,793.8524695285791,845.2682857463234,894.3929879279801,938.463733287291,972.7643917356796,993.392589140954,1000.0
176.88442211055275,184.71451511662377,206.5805246188176,239.19354647441048,279.43793766071417,324.80052872614465,373.4609594345466,424.18668721372893,476.1747015233793,528.9089162493574,582.0514957931845,635.3639158357097,688.6461799939689,741.6793048770556,794.1483132636243,845.4947975722855,894.5468140349989,938.5473252160192,972.7971018343897,993.3999214482795,1000.0
177.8894472361809,185.713810543833,207.5610061879548,240.14145751481013,280.34219540808164,325.65347823742724,374.2578029253507,424.92459013805023,476.85202629298726,529.5246804358051,582.6050130220144,635.8545481583709,689.0731362547646,742.0414289465265,794.4438159416799,845.7209562411991,894.7003273712394,938.630723817769,972.8297331630628,993.4072330018314,1000.0
178.89447236180902,186.71311210272165,208.54150630437638,241.0893958095957,281.246479512409,326.506441602459,375.0546368384165,425.66245111108896,477.52927009164364,530.1403200990202,583.1583594695896,636.3449624228608,689.4998280700179,742.4032459263175,794.7389780817533,845.9467625932731,894.8535291103076,938.7139299388707,972.8622860171546,993.4145238776092,1000.0
179.89949748743717,187.71241978442802,209.52202494602372,242.0373613369319,282.15078996854743,327.35941884293425,375.8514612235813,426.40027020610677,478.2064330099173,530.7558353436613,583.7115352580382,636.8351587825545,689.9262556535886,742.7647561431872,795.033800209836,846.1722174743813,895.0064204251669,938.7969444204714,972.8947606888388,993.421794151079,1000.0
180.9045226130653,188.71173357330062,210.50256206349815,242.98535401512981,283.0551266703635,328.21240983261396,376.64827593225505,427.13804724559566,478.8835148346588,531.3712259181362,584.2645401021858,637.3251369353834,690.3524187209514,743.125959391901,795.3282823039997,846.397321203546,895.1590020765308,938.8797680264304,972.9271575652242,993.4290439151619,1000.0
181.90954773869345,189.71105347159002,211.48311767953544,243.93337392067693,283.95948977928816,329.0654148383897,377.4450813446937,427.8757827221222,479.56051616608494,531.9864925267525,584.8173748116494,637.8148978054966,690.7783183316051,743.4868569041315,795.6224258238025,846.6220755220645,895.3112759237674,938.9624017192114,972.9594767793877,993.4362732162986,1000.0
182.9145728643216,190.7103794448158,212.46369166913257,244.88142080568346,284.8638789069431,329.9184333181287,378.2418767519054,428.61347574753995,480.2374359282384,532.6016339041478,585.3700379410254,638.3044397930968,691.203952781952,743.8474469634828,795.9162291999319,846.8464792827293,895.4632416372755,939.0448461989275,972.9917190787487,993.4434822089349,1000.0
183.91959798994972,191.70971151736893,213.4442841438338,245.82949494249308,285.76829454909023,330.7714660339127,379.03866320437726,429.35112766745164,480.9142757601395,533.2166519782182,585.9225317032614,638.7937653949268,691.6293248540508,744.2077326385531,796.2096957738136,847.0705360044868,895.6149023736284,939.1271024702478,973.0238841505218,993.450670864442,1000.0
184.92462311557787,192.70904966434517,214.42489501749384,246.77759616931502,286.6727364644283,331.6245126613831,379.83544028777203,430.088737968664,481.5910350424219,533.8315460214633,586.4748552699691,639.2828737029071,692.0544336024712,744.5677130222443,796.5028248064757,847.2942453262079,895.7662583794602,939.2091712690076,973.0559725517398,993.4578393040337,1000.0
185.92964824120602,193.70839387186848,215.40552424684375,247.72572441595403,287.57720456434697,332.47757309873475,380.63220788561995,430.82630651383937,482.26771360992694,534.4463158370991,587.0270084155071,639.7717644754154,692.4792787972649,744.9273879455608,796.7956162687728,847.5176074556623,895.9173100021246,939.2910522480136,973.0879837686867,993.4649874801033,1000.0
186.93467336683415,194.70774413924505,216.38617184594395,248.67387974692758,288.4816989993384,333.3306476067723,381.42896638006226,431.563833808231,482.9443120894915,535.0609621741938,587.5789920187468,640.2604387404675,692.9038616529859,745.2867588745382,797.0880719855671,847.7406247449835,896.0680603476328,939.3727491599197,973.1199201278788,993.4721157815648,1000.0
187.9396984924623,195.70710045040457,217.36683776221986,249.62206207068382,289.3862196436424,334.1837360283055,382.2257155795136,432.30131961868346,483.6208301986366,535.6754846962159,588.1308056905157,640.7488960669145,693.3281817203715,745.6458253842759,797.3801916219276,847.9632970153067,896.2185091943553,939.4542607898811,973.1517805190279,993.4792240651035,1000.0
188.94472361809045,196.7064627951533,218.34752196866316,250.5702713558526,290.29076647855794,335.036838368854,383.02245551658115,433.03876400157714,484.29726801258926,536.2898834951161,588.6824495440445,641.2371366044832,693.7522392166883,746.0045878140127,797.6719757265395,848.1856251415678,896.368657740005,939.5355880604207,973.1835653133837,993.4863124199716,1000.0
189.94974874371857,197.70583116306352,219.3282244373259,251.51850756906043,291.1953394821736,335.8899546295315,383.8191862183486,433.776167006737,484.97362559905577,536.9041586543964,589.2339236831897,641.7251604925463,694.1760343477066,746.3630464899333,797.9634248324032,848.4076099773861,896.5185071464956,939.6167318429818,973.2152748489177,993.4933809296372,1000.0
190.95477386934672,198.7052055436826,220.30894514023586,252.46677067708936,292.09993863320335,336.74308481286045,384.6159077143644,434.5135286877117,485.6499030308585,537.5183102641419,589.7852282198775,642.2129678799836,694.599567329963,746.7212017497803,798.2545394836886,848.629252384122,896.6680585731253,939.6976930021543,973.2469094600903,993.5004296764014,1000.0
191.95979899497485,199.70458592631297,221.2896840484429,253.41506064464417,293.0045639070382,337.5962289168063,385.4126200284671,435.25084909128117,486.3261003730729,538.1323384057723,590.3363632564889,642.7005589052582,695.0228383686472,747.0790539187904,798.5453202101742,848.8505532045791,896.8173131495417,939.7784723600278,973.2784694537743,993.5074587381656,1000.0
192.964824120603,200.70397230010272,222.27044113240873,254.36337743526454,293.9092152773627,338.4493869372261,386.2093231821528,435.9881282617997,487.00221768838657,538.7462431584543,590.8873288933677,643.1879337050812,695.4458476675215,747.4366033210287,798.8357675402996,849.0715132784906,896.966271996484,939.8590707266642,973.3099551301505,993.5144681917466,1000.0
193.96984924623115,201.70336465406106,223.25121636207467,255.31172101148374,294.81389271643735,339.302558868299,387.006017195169,436.7253662419634,487.6782550380477,539.3600246002366,591.4381252301498,643.6750924159415,695.8685954306611,747.793850281354,799.1258820033792,849.292133445059,897.1149362290583,939.9394889048433,973.3413667859602,993.5214581133931,1000.0
194.97487437185927,202.70276297705934,224.2320097068656,256.26009133483785,295.71859619511423,340.15574470255103,387.80270208555186,437.4625630728627,488.35421248193654,539.9736828081432,591.9887523658806,644.162035174255,696.2910818626406,748.1507951256584,799.4156641299215,849.5124145434181,897.2633069575787,940.0197276914437,973.3727047154736,993.5284285789539,1000.0
195.97989949748742,203.70216725783203,225.21282113569237,257.20848836587027,296.6233256828461,341.0089444308703,388.59937786964866,438.19971879401476,489.0300900786094,540.5872178582324,592.5392103990921,644.6487621164613,696.7133071686591,748.507438181027,799.7051144518404,849.7323574129379,897.4113852881432,940.0997878784165,973.4039692111733,993.5353796639939,1000.0
196.98492462311555,204.70157748497675,226.1936506169529,258.1569120641336,297.5280811476896,341.8621580425126,389.39604456212896,438.93683344338206,489.70588788532655,541.2006298256355,593.0894994278551,645.135273379093,697.1352715546274,748.8637797758496,799.9942335025985,849.9519628934289,897.5591723230309,940.1796702534673,973.4351605642339,993.5423114438755,1000.0
197.9899497487437,205.70099268571204,227.1744984394569,259.1053687792603,298.4328773423574,342.71541005648623,390.19273788399494,439.67395520736625,490.3816672531113,541.8139931012062,593.6397057660673,645.6216649608156,697.5570772475912,749.2199236676527,800.2831208133207,850.171320592597,897.7067469167594,940.2594906370039,973.4663581420322,993.5492292746096,1000.0
198.99497487437185,206.7004159056443,228.15536541454173,260.0538442835783,299.3376779862281,343.56863775025334,390.98936463034045,440.41095712489295,491.0572656852394,542.4271098520289,594.1895987548553,646.1076784879174,697.9784461352244,749.5755830119954,800.5714946698373,850.390169157756,897.8538806900889,940.3389250323803,973.497346832507,993.5561237608046,1000.0
200.0,207.69984534164584,229.1362511348046,261.00234735005074,300.2425055259231,344.4218801486679,391.78598290195015,441.14791827479615,491.7327842039549,543.0401028382877,594.7393213318755,646.5934739629322,698.3995503962476,749.9309352888639,800.8595289690165,850.6086687103787,898.0007090533034,940.4181646672595,973.5282545954966,993.5630001624163,1000.0
