0,-0.22472266411725814,-0.4079614841852313,-0.5554180424134546,-0.6718929459136151,-0.7615239185103385,-0.8279905253450668,-0.8746134542517516,-0.9043801644496605,-0.9199451842366555,-0.9236340753390659,-0.9174599078032982,-0.9031503648612101,-0.8821806532301312,-0.8558080860866457,-0.8251056911976083,-0.7909932941565644,-0.7542651008016027,-0.7156131058926744,-0.675645933245363,-0.6349030634737871,-0.5938647945074175,-0.552958616779194,-0.512562893427384,-0.4730087881477533,-0.4345812990149443,-0.3975200830783692,-0.36202054686424096,-0.32823547519558094,-0.29627730170897604,-0.26622100006386173,-0.2381074945856378,-0.21194744602191823,-0.18772525303154605,-0.16540311417454706,-0.14492501137146208,-0.126220498781717,-0.109208207142091,-0.09379900028179382,-0.07989874600653872,-0.06741068652175376,-0.05623741311633698,-0.04628246537111867,-0.037451586460732426,-0.02965367329600605,-0.02280146371257351,-0.016812003268904245,-0.011606932204820442,-0.007112629337146225,-0.0032602460394927407,1.4344152869149814e-05,0.0027706555732760754,0.00506374340162572,0.006944385200426925,0.008459280320337957,0.009651259233142528,0.010559497025387903,0.011219726960108903,0.011664451268342379,0.011923147247828335,0.01202246739820819,0.011986432774954987,0.011836619051739893,0.011592334985444144,0.011270793112111604,0.01088727258987502,0.010455274163474103,0.009986667266208225,0.009491829306786279,0.00897977721532364,0.008458291347403833,0.00793403186898068,0.007412647768370272,0.006898878664569366,0.0063966496032782805,0.005909159052824745,0.005438960331228571,0.004988036712516578,0.004557870474792316,0.004149506164296544,0.0037636083586673075,0.0034005142188261,0.003060281122447232,0.002742729672961048,0.0024474823766648685,0.0021739982769979726,0.0019216038295989872,0.0016895202946629992,0.0014768879145818765,0.001282787135139292,0.0011062571178571754,0.0009463117796808953,0.0008019535842362434,0.0006721852965797863,0.000556019900856905,0.00045248886772339603,0.0003606489459040917,0.00027958763996419376,0.00020842752434594686,0.00014632953205897842
0,-0.2306971322649912,-0.4192074204096645,-0.5713769259936208,-0.6919541458672632,-0.784970873246124,-0.8540433839415974,-0.902500421529693,-0.9333958345287674,-0.9494829449606501,-0.9531958152181846,-0.9466511953838773,-0.9316684615273171,-0.9098002238261861,-0.8823672062611155,-0.8504932614529724,-0.8151381854774525,-0.7771270272143139,-0.7371751169335508,-0.6959083958818627,-0.653878988452534,-0.6115763389820813,-0.5694345708156664,-0.5278369446697515,-0.4871183632618928,-0.44756680187796644,-0.40942438244061635,-0.3728886031958873,-0.33811403149418673,-0.30521459230109477,-0.27426645334224203,-0.24531142042766413,-0.2183607076070644,-0.19339892754774354,-0.1703881490057733,-0.14927188297775465,-0.12997888139324806,-0.11242665800196791,-0.09652466763898758,-0.08217710538741622,-0.06928530995552198,-0.05774977493265449,-0.04747178694952081,-0.03835472096016477,-0.030305030026999694,-0.023232970539147954,-0.017053104332450685,-0.011684617410402626,-0.007051491455315106,-0.0030825610103816506,0.00028851827863841446,0.0031233653890065625,0.005479016679214203,0.00740810088004871,0.00895903516840404,0.010176233897040093,0.011100323734704771,0.01176836067208151,0.012214045643697612,0.012467936479444717,0.01255765460181862,0.01250808538775686,0.01234157146827867,0.012078098486136975,0.011735473003242847,0.011329492369614322,0.010874106451386662,0.010381571179179316,0.009862593928071074,0.009326470781907095,0.00878121577088966,0.00823368220419549,0.007689676249601588,0.007154062940086624,0.006630864813083784,0.00612335341132343,0.005634133894792908,0.005165223031070949,0.004718120846020848,0.004293876228493112,0.003893146791299968,0.00351625329637207,0.00316322895482105,0.002833863912805084,0.0025277452318444036,0.002244292667804004,0.0019827905464090694,0.0017424160251409858,0.001522264021936319,0.00132136908052857,0.0011387244307622757,0.0009732984899969939,0.000824049038998817,0.0006899352926804679,0.0005699280728590594,0.0004630182769901203,0.00036822382374757584,0.0002845952434480972,0.00021122006876025912,0.00014722616896967544
0,-0.2360216906463784,-0.42942552413256885,-0.5862330359738767,-0.7110583040179514,-0.8077166294096487,-0.8796727517526317,-0.93021164988723,-0.9624322173962951,-0.9791841829329863,-0.9830168611860043,-0.976160335311465,-0.9605350436104275,-0.9377788432422881,-0.9092819686134636,-0.8762236687866612,-0.8396070851524956,-0.8002905913902311,-0.759014673431308,-0.7164239103111444,-0.6730840021029278,-0.6294941636926822,-0.586095531869241,-0.5432764569460793,-0.5013756328583812,-0.4606839668209799,-0.4214459381742353,-0.3838609951043416,-0.3480853320061496,-0.31423421019530107,-0.28238484594748636,-0.25257979547623977,-0.2248307116401088,-0.19912232350780912,-0.1754164884813098,-0.1536561796870706,-0.1337692927288211,-0.11567218126152519,-0.09927285714607187,-0.08447381609508936,-0.07117447231662767,-0.05927320479814595,-0.04866903304927923,-0.039262951196077533,-0.030958956460820423,-0.023664811689490806,-0.017292582295113303,-0.011758986447149162,-0.006985594084676259,-0.0028989073205170773,0.0005696525313797372,0.0034838261687286905,0.005902648584115717,0.007880617240001976,0.009467884545191534,0.010710465736801237,0.01165045545364066,0.012326248010260372,0.012772757712314816,0.01302163656245199,0.013101487456991233,0.013038071525029235,0.01285450866214516,0.012571470600168097,0.012207366063591362,0.011778517715783672,0.011299330711588751,0.010782452759700545,0.010238925667031223,0.009678328393952593,0.009108911697552489,0.008537724482194092,0.007970732014039436,0.007412926189487112,0.0068684280770121495,0.006340582977808377,0.005832048272933663,0.005344874343378499,0.004880578864631624,0.004440214788987113,0.004024432337138155,0.003633535325710797,0.0032675321595023164,0.002926181816552985,0.0026090351510513416,0.0023154718337288533,0.0020447332421154856,0.0017959516040872516,0.0015681756878002163,0.0013603933196348976,0.0011715509994152408,0.0010005708691290672,0.0008463652778827523,0.0007078491720413722,0.0005839505256103299,0.0004736190120467725,0.0003758331049735122,0.00028960578181552743,0.00021398899127138927,0.00014807703285669974
0,-0.24036608133789392,-0.43809473345781275,-0.5994245254526588,-0.7287075699433986,-0.829377680700074,-0.9046190509201477,-0.9575984898274018,-0.9914300081751397,-1.0090568721228885,-1.01315348449145,-1.0060769327078405,-0.9898618126460881,-0.9662420952643652,-0.9366859181230464,-0.9024341774955528,-0.8645379458300906,-0.8238922750908866,-0.781265259000391,-0.7373218977348601,-0.6926427410213126,-0.6477376516766165,-0.6030553466709733,-0.5589895927056914,-0.5158830224097163,-0.47402949509590514,-0.4336757837021232,-0.39502317299887957,-0.3582293474458252,-0.3234107623680154,-0.2906455467804623,-0.2599768849499545,-0.23141676296369496,-0.20494993831102493,-0.18053798590039433,-0.1581232849958882,-0.1376328318476073,-0.11898178757497273,-0.10207669682699813,-0.08681833764214339,-0.0731041852853628,-0.06083049173929624,-0.04989399749972381,-0.040193303266149914,-0.03162993622104266,-0.024109149282029278,-0.017540492570425757,-0.01183819502025589,-0.006921391051559179,-0.002714224495971083,0.0008541451623484508,0.003849609016108954,0.0063332300463737725,0.008361403995538438,0.0099860477951281,0.011254806199613844,0.012211269453267832,0.012895196557152948,0.013342740067095276,0.013586669403925998,0.013656590454812746,0.01357915984325857,0.01337829269155538,0.01307536303105811,0.012689396262705105,0.01223725325595062,0.011733805816105457,0.011192103360705778,0.010623530734008702,0.010037957161312347,0.009443876405767177,0.008848538242445367,0.008258071409454832,0.007677598234919314,0.007111341172375556,0.006562721505988136,0.006034450511238569,0.005528613376629716,0.005046746207671329,0.00458990644618637,0.004158737046044706,0.003753524751043972,0.003374252822101564,0.003020648559487613,0.0026922259618269062,0.0023883238573331233,0.002108139834515449,0.0018507602897121533,0.0016151868975434508,0.0014003597979996383,0.0012051777806423053,0.0010285157325258722,0.0008692396021433539,0.0007262191171627839,0.0005983384791004735,0.0004845052435336498,0.00038365758009553755,0.00029477009244407163,0.00021685836473040937,0.0001489823878853
0,-0.24319799640449166,-0.444387119371456,-0.6100697999672058,-0.7441297253382096,-0.8493664794701277,-0.9284910199467723,-0.9844431977694799,-1.0203098123714667,-1.0391248408867104,-1.0437029356713854,-1.0365483934532354,-1.0198289830845397,-0.9953903956728026,-0.9647906301865734,-0.9293410796168428,-0.8901472026109163,-0.8481454264403411,-0.8041348765572851,-0.7588034667310989,-0.7127483909327426,-0.6664914194406961,-0.6204896942315514,-0.5751429240506161,-0.530797966373114,-0.4877517465473114,-0.4462533286594083,-0.4065057598454335,-0.36866810257478677,-0.33285788060711274,-0.29915401279214243,-0.26760020094968323,-0.23820867120099923,-0.21096413505870168,-0.18582782857336302,-0.1627414966741335,-0.14163120879554017,-0.12241091589342419,-0.10498568444062452,-0.0892545675389653,-0.07511309532817444,-0.06245538548570497,-0.05117588934379537,-0.04117079992606253,-0.03233915524291819,-0.024583673915919577,-0.017811361195323415,-0.01193392232248517,-0.006868017437855693,-0.0025353897512574715,0.0011371081577336505,0.004217564724558535,0.006769118886143699,0.008850112850835288,0.010514275755915087,0.011810928427989292,0.012785201622576948,0.013478261869009968,0.013927540437580705,0.01416696203450092,0.014227170671945009,0.014135750805419825,0.01391744232229057,0.01359434833949849,0.013186135054270806,0.012710223111576702,0.012181970123455236,0.011614844110995816,0.01102058774903712,0.010409373383270923,0.009789948864081506,0.009169774304372637,0.00855514992203607,0.007951335173118326,0.007362659420180089,0.006792624412553562,0.006243998881744594,0.005718905576545174,0.0052189010789127225,0.004745048753709255,0.004297985193326038,0.0038779805224193028,0.0034849929288038317,0.003118717784346743,0.002778631714840913,0.002464031970645795,0.00217407144071227,0.0019077896417621226,0.0016641400021757378,0.0014420137468410096,0.0012402606750707373,0.001057707108957797,0.000893171274408405,0.000745476361762194,0.0006134614975451762,0.0004959908436463806,0.000391961025193241,0.00030030707371995357,0.00022000705797670344,0.00015008556097733048
0,-0.2237832626734817,-0.40640642735387605,-0.5535442396365111,-0.6699362896784292,-0.7596504669050196,-0.826302566795782,-0.873162381252374,-0.903180786187126,-0.9189884497462507,-0.9228970065512745,-0.9169127322743128,-0.9027614078883309,-0.8819196515528627,-0.8556484297518342,-0.8250258735499078,-0.790977675464779,-0.7543040171255361,-0.7157023697872975,-0.6757858336495152,-0.6350970327284303,-0.5941179408387239,-0.553276311923305,-0.5129495650524768,-0.4734670107578841,-0.43511122035280525,-0.3981191762407489,-0.36268364615078924,-0.32895503616287597,-0.2970438202655304,-0.2670235280268784,-0.23893419649801745,-0.2127861516102372,-0.18856396981968926,-0.16623047455580958,-0.145730637468734,-0.1269952765103196,-0.10994446792319684,-0.0944906147247144,-0.08054113847054302,-0.0680007826993272,-0.056773534639014835,-0.04676418601151813,-0.03787956397032038,-0.03002946952869577,-0.02312736372505424,-0.017090841841049986,-0.011841933933270356,-0.007307266324733548,-0.0034181152636039926,-0.00011037693540465995,0.00267552279934063,0.004994762948086042,0.006898292370774283,0.008433014786674235,0.009641985938542087,0.010564617085045056,0.011236880573502792,0.01169151444406757,0.011958223906224034,0.012063878175842792,0.012032701623978077,0.011886458515208163,0.01164463084187807,0.011324588920600408,0.01094175453076302,0.010509756457439717,0.010040578364017274,0.009544698970443195,0.009031224555965382,0.008508013843409067,0.007981795356951555,0.007458277377721432,0.006942250651561306,0.006437684030882118,0.005947813257505806,0.005475223115525918,0.005021923202324358,0.004589417581851085,0.004178768597063035,0.003790655128050303,0.0034254255889594803,0.003083145960506948,0.002763643155860355,0.0024665440161815394,0.0021913102284233953,0.0019372694523187984,0.0017036429361499176,0.001489569892107858,0.0012941288920910552,0.0011163565338823574,0.0009552636160096469,0.0008098490474395747,0.0006791117057502617,0.0005620604447533696,0.0004577224398221753,0.0003651500465629314,0.000283426336042805,0.00021166945765930273,0.00014903596896516575
0,-0.22960142736971392,-0.41738723370440767,-0.5691838272008375,-0.6896694525807321,-0.7827918053626509,-0.8520900257334733,-0.9008317883137394,-0.932027678467483,-0.9484033653504423,-0.9523772158671551,-0.9460586512160525,-0.9312652506214725,-0.9095513977008385,-0.8822418808066862,-0.8504660330937337,-0.815189851585351,-0.777244673842463,-0.7373516234215757,-0.696141452207468,-0.6541697787305865,-0.6119280787253347,-0.5698510831959025,-0.5283214265806289,-0.487672439397762,-0.44818990942234044,-0.41011348149650556,-0.3736381743837926,-0.3389163029422722,-0.30605993126639464,-0.27514385941850444,-0.24620906427357425,-0.2192664686660569,-0.19430089452887564,-0.17127505692454245,-0.1501334698051541,-0.13080615559718278,-0.1132120753626353,-0.0972622215801675,-0.08286233960165819,-0.0699152652611842,-0.05832288410007298,-0.0479877317740467,-0.03881426532724051,-0.030709841356811388,-0.02358544009241463,-0.017356174675011802,-0.011941623107908833,-0.0072660169967924656,-0.0032583180563621225,0.00014779353513444366,0.0030139953284274157,0.005397447086103672,0.007350949310594528,0.008923124944375634,0.010158615903644141,0.011098288149830628,0.011779440611050835,0.012236014503909253,0.012498800541992003,0.01259564221343217,0.012551633820909937,0.012389312349262365,0.012128842495526614,0.011788194392542735,0.011383313702003645,0.010928283862023505,0.010435480359289404,0.009915716964496729,0.009378383927254104,0.00883157817631067,0.008282225614815321,0.0077361956394968595,0.007198408047749881,0.006672932527873267,0.0061630809552266,0.005671492740858759,0.005200213499243049,0.004750767318150252,0.0043242229265053,0.0039212540654305385,0.003542194373756521,0.0031870871023134024,0.002855729971533324,0.002547715484580931,0.0022624670036571685,0.0019992708905807585,0.0017573050045157387,0.0015356638400622832,0.0013333805781152396,0.0011494463101612764,0.0009828266842626973,0.0008324762080598804,0.0006973504309035961,0.000576416213871732,0.00046866028306396704,0.0003730962483403755,0.0002887702566797724,0.0002147654366615284,0.00015020527831075721
0,-0.23471120527596576,-0.4272477009323426,-0.5836191187969294,-0.7083525952437247,-0.8051567558007834,-0.8773994982463063,-0.9282906851911756,-0.9608773897292674,-0.977977322882213,-0.9821224785104208,-0.9755355394434307,-0.9601358036658719,-0.9375637876402272,-0.9092146490514799,-0.8762738533206073,-0.8397513503684844,-0.8005123159754719,-0.7593034882447669,-0.7167746890640551,-0.6734955296417325,-0.6299676562338895,-0.5866331874038055,-0.5438801855329373,-0.5020460678466896,-0.4614198039844445,-0.42224360203857975,-0.38471459681888026,-0.34898686243373117,-0.3151739036574865,-0.28335165096064324,-0.2535618954207485,-0.22581604781797457,-0.20009908352675304,-0.1763735331964919,-0.1545833914277196,-0.1346578359477795,-0.11651467392914532,-0.10006345707790922,-0.08520823089473535,-0.07184990470986909,-0.05988824687450045,-0.049223523431134626,-0.03975780861716031,-0.03139600190085386,-0.024046589349951814,-0.01762218757253203,-0.012039906891318437,-0.007221567309600823,-0.003093797967163527,0.00041195594472704197,0.003359495039353616,0.005807979854766233,0.00781208261682894,0.009422165338529914,0.01068447545735263,0.011641352257534134,0.012331438953993685,0.01278989658873633,0.013048616870004236,0.01313643182738085,0.013079318713939341,0.012900599003001162,0.012621130637670232,0.012259492924107543,0.0118321636360062,0.011353688033953686,0.010836839610984158,0.010292772462858549,0.009731165254158446,0.009160356812925945,0.008587473439818317,0.008018548064126909,0.0074586314195038,0.0069118954474467875,0.006381729166875678,0.005870827273753105,0.0053812717558879095,0.004914606824983083,0.004471907480908861,0.004053842032306139,0.0036607289032467103,0.0032925880580636376,0.002949187375931331,0.0026300843036306766,0.0023346631094844634,0.0020621680540101233,0.001811732783702417,0.0015824062438174924,0.0013731753943487786,0.0011829850008115022,0.0010107547582188842,0.0008553939929480856,0.000715814173233394,0.0005909394449718964,0.00047971539550527054,0.00038111623419542735,0.0002941505650326881,0.0002178659133026462,0.00015135215555612142
0,-0.23874089128031276,-0.43540486804215933,-0.596224607179032,-0.72543371911135,-0.8263217924254787,-0.9019457971557525,-0.9553773093381991,-0.9896673474038358,-1.007722285244763,-1.0121981251796146,-1.0054454229277756,-0.9894992764578939,-0.9660980783253512,-0.9367164654711947,-0.9026028441228001,-0.8648161210335729,-0.8242589680578218,-0.7817064059119851,-0.7378292597198826,-0.6932125095487978,-0.6483689183683089,-0.6037486050224555,-0.5597454173097278,-0.5167010272359087,-0.4749076205523068,-0.4346099147814759,-0.39600705502307026,-0.35925474400447627,-0.324467790701378,-0.29172312602674894,-0.2610632389738089,-0.23249992902150926,-0.20601824352255763,-0.18158046409756823,-0.15913001630457796,-0.1385951959814267,-0.11989262912043548,-0.10293040669800911,-0.08761085934365247,-0.07383295766135603,-0.06149434155893336,-0.05049299569595244,-0.04072859808578933,-0.03210357522084303,-0.024523900275148145,-0.017899671544058887,-0.012145506924867489,-0.007180787389383102,-0.0029297797989604325,0.0006783370977619855,0.0037095196337178717,0.006224962419104548,0.008281242801843927,0.00993049487490484,0.01122060378748753,0.0121954131573738,0.012894940028456469,0.013355593123012892,0.013610391158306229,0.013689178784971355,0.013618838308375727,0.013423495814880965,0.013124720676608236,0.01274171767807002,0.012291511216941699,0.011789121195325025,0.011247730348928899,0.010678842868268472,0.010092434254363151,0.009497092425757424,0.008900150156927675,0.00830780898225648,0.007725254746113448,0.007156765019104526,0.006605808633909225,0.006075137621826739,0.005566871853623377,0.005082576705882092,0.004623334087178798,0.004189807167387576,0.0037822991586229995,0.0034008064981130093,0.003045066782022654,0.002714601795278392,0.0024087559761107077,0.002126730645688743,0.0018676143231693405,0.001630409435034989,0.0014140557150230445,0.0012174505775169294,0.0010394667332013047,0.0008789673013050083,0.0007348186580397958,0.0006059012460692216,0.0004911185551446811,0.0003894044695582832,0.0002997291638845928,0.00022110371470436188,0.00015258358269947447
0,-0.24107317518012075,-0.4409083703273977,-0.6059973359544195,-0.7400415949224514,-0.8456301250357822,-0.9252972138266738,-0.9818574190325355,-1.0183197756805695,-1.0376764691147826,-1.0427242417438558,-1.035963736320235,-1.0195667652352798,-0.9953867888004622,-0.9649911213883795,-0.929700891817449,-0.8906311009420784,-0.8487271021320875,-0.80479596570412,-0.7595322490092147,-0.7135382556595161,-0.6673392311072549,-0.6213942082355193,-0.5761033894456293,-0.5318130142597323,-0.4888186140990688,-0.4473674223544875,-0.4076605253264757,-0.36985514573292116,-0.33406727425245925,-0.3003747228685812,-0.2688205723581665,-0.2394169229634141,-0.21214882559202763,-0.18697826283816354,-0.16384805710957803,-0.14268560085084908,-0.12340632643073259,-0.10591685724623283,-0.09011780463008257,-0.07590619572345214,-0.06317753472021079,-0.051827513413491205,-0.04175339675794692,-0.032855115454682046,-0.025036100813357488,-0.01820389790164639,-0.0122705918501388,-0.0071530795785656595,-0.0027732168489722087,0.000942135673469154,0.0040611435268635455,0.006647089777393824,0.008758511302397009,0.010449367927628331,0.011769234745640724,0.012763509969038125,0.013473632328913073,0.013937303360766285,0.014188710977296484,0.01425875155819305,0.014175248435677,0.013963165159442025,0.01364481231791214,0.013240047000369369,0.012766464227007442,0.012239579867159674,0.011673004721782574,0.011078609573627973,0.010466681113899713,0.009846068742265946,0.009224322311242048,0.008607820948599822,0.008001893144329957,0.007410928333069084,0.0068384802397779285,0.006287362286590897,0.005759735382793607,0.0052571884383923765,0.004780811955222378,0.0043312650584918615,0.003908836336527036,0.003513498857715922,0.003144959731668116,0.002802704576816382,0.0024860372494766993,0.0021941151801156363,0.0019259806515884664,0.0016805883417343806,0.0014568294392246898,0.00125355262723668,0.0010695822145994835,0.0009037336787529384,0.000754826869359574,0.0006216971058879598,0.0005032043870850919,0.0003982409151018661,0.00030573712223032795,0.00022466637385016558,0.00015404850732808975
0,-0.22281675862879624,-0.4048084113199006,-0.551622756861511,-0.6679351859325567,-0.7577400220680243,-0.8245863594942765,-0.8716912848426237,-0.9019682210444417,-0.918023744042539,-0.9221557163290806,-0.9163639811338468,-0.9023728590051254,-0.8816608035418207,-0.8554927667550065,-0.8249521777581116,-0.7909706405111783,-0.754354225103547,-0.7158057005499517,-0.6759424228053118,-0.6353099430411538,-0.5943917338189459,-0.5536156944828089,-0.5133582470304119,-0.4739468565792339,-0.43566172554984484,-0.39873725639973834,-0.3633636962233462,-0.3296892019947134,-0.2978224191593773,-0.2678355578162097,-0.2397678798272471,-0.21362947149886546,-0.18940516256593973,-0.1670584557184708,-0.1465353456020314,-0.1277679272890776,-0.11067771814290557,-0.09517864127578651,-0.08117964167177572,-0.0685869262842669,-0.05730583624927608,-0.047242372381917426,-0.038304404292601235,-0.0304025990103435,-0.023451107395146685,-0.017368046461196916,-0.012075813673792008,-0.0075012658462955805,-0.003575792022631889,-0.00023530327003377731,0.0025798385132552674,0.004924937416295727,0.006851112620955826,0.008405469614346276,0.009631285704069105,0.01056820393965988,0.011252431039289027,0.011716936069545098,0.011991647492654882,0.012103646839354162,0.012077357738549342,0.011934729379882197,0.011695413736749148,0.011376936061879606,0.01099485830527733,0.010562935209754574,0.010093262922773247,0.009596420031893154,0.009081600989471198,0.008556741943284133,0.00802863903521512,0.007503059271005646,0.006984844100825401,0.0064780058832375025,0.005985817434112401,0.005510894887162151,0.005055274114061301,0.0046204809696324895,0.004207595641403372,0.0038173113931400334,0.003449987998918049,0.0031057001681430003,0.002784281262929848,0.002485362607678907,0.0022084086868237093,0.0019527485208715898,0.0017176035032840228,0.0015021119717315773,0.0013053507770676709,0.0011263541022304073,0.0009641297714415271,0.0008176732777141952,0.000685979744003602,0.0005680540204911071,0.00046291910763399346,0.00036962308185778864,0.00028724468822680956,0.00021489775219083704,0.00015173455064155803
0,-0.2284615604689428,-0.41549749138333464,-0.5669145715399599,-0.6873152289300528,-0.780556652744223,-0.8500959281825555,-0.8991367064502003,-0.9306449395633887,-0.9473183014261054,-0.9515596994579704,-0.945471742920787,-0.9308708252372844,-0.909313686642842,-0.8821296537191708,-0.8504538574350101,-0.8152586433953523,-0.7773816340608032,-0.7375496318754551,-0.6963980252020762,-0.6544857414632381,-0.6123061292970147,-0.5702944188284534,-0.5288325686929989,-0.48825234474056384,-0.4488374028994575,-0.4108250025388168,-0.37440779774468275,-0.339735977202509,-0.3069198720869643,-0.27603303647015676,-0.24711572765125217,-0.22017866996117266,-0.19520696787982827,-0.17216403528258817,-0.15099542079924438,-0.13163242948410786,-0.11399546445491389,-0.09799703614968912,-0.08354440949273359,-0.07054187929349234,-0.05889268085251822,-0.04850055564785566,-0.03927100109573378,-0.031112238973205954,-0.02393593961514633,-0.017657739037204783,-0.012197584319874057,-0.007479939404259637,-0.0034338804888589813,6.896109975813638e-06,0.0029041312967482266,0.005315110099306865,0.007292804394470792,0.008886040830628132,0.010139685680127193,0.011094840269969607,0.011789042161365943,0.012256468435573374,0.012528138354540705,0.012632113355674249,0.012593692859248466,0.01243560475559456,0.012178189730377473,0.011839578806044688,0.011435863645737567,0.010981259297303416,0.010488259160163743,0.009967782044147383,0.009429311262105878,0.008881025760587413,0.008329923347257056,0.007781936121483899,0.007242038256430005,0.006714346317575911,0.006202212334244534,0.005708309867580385,0.005234713340799209,0.004782970915569856,0.004354171212329637,0.003949004182437856,0.003567816446599506,0.003210661417245447,0.0028773445228448954,0.0025674638497651713,0.0022804465126028354,0.0020155810571947453,0.0017720461920905442,0.0015489361343997735,0.0013452828449000264,0.0011600754153536024,0.0009922768583534524,0.0008408385369161047,0.0007047124576486897,0.0005828616377936302,0.00047426874295677284,0.0003779431789608207,0.00029292680815828166,0.00021829844775913683,0.00015317729536978706
0,-0.23332673961795788,-0.42495459608431163,-0.5808808927497853,-0.7055356045465034,-0.8025094765862291,-0.8750652791912754,-0.926332978211367,-0.9593057404300548,-0.9767688369984469,-0.9812373912235433,-0.9749275091963785,-0.959758265320679,-0.9373736872363968,-0.9091745541476697,-0.8763530481220625,-0.8399262218525391,-0.8007661640912934,-0.7596258372769614,-0.7171601943110226,-0.673942614512993,-0.6304770434635617,-0.5872064878109812,-0.5445186793872645,-0.5027497681261069,-0.46218684075218414,-0.4230699232430476,-0.38559394875412206,-0.34991099420962485,-0.3161329326762077,-0.2843345275790457,-0.25455691155772747,-0.22681134364464248,-0.2010831167235067,-0.1773354854411818,-0.15551349616576066,-0.13554761976590965,-0.11735711084335952,-0.10085304066102829,-0.08594097336662872,-0.07252327490371847,-0.06050106045260819,-0.0497757990023671,-0.04025060271614743,-0.03183123437754328,-0.024426868849363386,-0.017950644704264364,-0.012320040604008115,-0.007457108068156757,-0.00328858957357253,0.00025405522495930573,0.0032346926501640493,0.0057126116351342016,0.00774265971995784,0.009375407358819613,0.010657331820260543,0.011631013882013558,0.01233534206591817,0.01280572038000745,0.013074276488059897,0.013170067962953428,0.013119284844677623,0.01294544715565581,0.012669596356913827,0.01231047998387526,0.011884728899722842,0.011407026762080167,0.010890271426109691,0.010345728111841005,0.009783174251177846,0.009211036004440424,0.008636516500115488,0.008065715906487726,0.007503743491240477,0.0069548218657665955,0.0064223836454435895,0.005909160785966494,0.005417266879410202,0.004948272712367167,0.00450327540264634,0.004082961440975417,0.003687663970287081,0.00331741463784856,0.002971990355084912,0.002650955296797812,0.002353698465954628,0.002079467142641743,0.0018273965264723234,0.001596535871005584,0.0013858713968557936,0.0011943462574004584,0.0010208778175737933,0.0008643724923629302,0.0007237383775018715,0.0005978958906432361,0.00048578662712859736,0.0003863806205002386,0.0002986821842004798,0.0002217344975824782,0.00015462308648130131
0,-0.23698648108790785,-0.4325171917366986,-0.5928157671527066,-0.72197726294541,-0.8231267203122341,-0.899179634866544,-0.9531045831262142,-0.9878865235801323,-1.0063946070014176,-1.011267421578343,-1.0048504510444898,-0.9891807962733584,-0.9660026068828107,-0.9367980994162646,-0.9028239855265884,-0.8651475256195811,-0.8246792913718243,-0.7822013266715927,-0.7383902576076867,-0.6938354108892512,-0.6490523551397736,-0.6044925390498623,-0.5605498595972527,-0.5175650411898627,-0.4758286500427286,-0.4355834344773682,-0.3970265076974022,-0.3603117095702061,-0.32555232344980833,-0.2928241971259792,-0.26216922764586803,-0.23359911527748833,-0.20709926594171577,-0.1826327166368777,-0.16014396780324924,-0.1395626245078194,-0.12080677041496593,-0.10378602161441114,-0.08840422936454628,-0.07456182030261783,-0.06215777888386632,-0.05109128940120803,-0.04126306391564151,-0.03257638806592057,-0.0249379194730516,-0.01825827386023379,-0.012452432652177105,-0.0074400031296642435,-0.0031453597607206457,0.0005023105938790337,0.0035690370151326657,0.006116150256182987,0.008200411415863366,0.009874172095727815,0.011185556886090681,0.012178660941701534,0.012893756968475703,0.013367507194984111,0.013633176894885801,0.013720846806019682,0.013657622400791948,0.013467838437239086,0.013173257590980713,0.01279326225956769,0.012345038861624462,0.011843754138343102,0.01130272311536751,0.0107335685070744,0.010146371448645943,0.0095498135284349,0.00895131016700215,0.008357135452046366,0.0077725385918379465,0.0072018521948766035,0.006648592621208298,0.006115552681891797,0.005604886988091006,0.005118190270739911,0.0046565690061730475,0.00422070669301196,0.0038109231313999915,0.0034272280578197807,0.003069369487636259,0.0027368771135810417,0.0024291011020226385,0.0021452466204130685,0.001884404419107038,0.0016455777791269956,0.001427706124700106,0.0012296855857710093,0.0010503867814477422,0.0008886700806869678,0.0007433985816415852,0.0006134490361690502,0.0004977209311607643,0.00039514392373283744,0.0003046838130215683,0.00022534721744205428,0.0001561851128615874
0,-0.23870650203071359,-0.43707023549392326,-0.6015571045470748,-0.7356432066702246,-0.8416676299122291,-0.9219623876627134,-0.979203927512542,-1.0163193107883044,-1.0362593666393904,-1.041805331549658,-1.0354571013692455,-1.0193932591408594,-0.9954773259889816,-0.9652877265209862,-0.9301566437409818,-0.89120951811837,-0.8494011792905074,-0.8055469284020305,-0.7603480718882506,-0.7144120237437886,-0.6682674614202669,-0.6223752643631388,-0.5771361082139619,-0.5328956286028009,-0.48994801182419245,-0.44853873825376633,-0.4088670312498826,-0.3710883826459125,-0.3353173613397659,-0.3016307789303941,-0.27007119104347355,-0.2406506530632155,-0.21335461860312827,-0.18814586093630387,-0.16496830473191088,-0.14375067185672552,-0.12440986608856236,-0.10685404401311631,-0.09098534085950956,-0.07670223912719401,-0.06390158375604926,-0.05248025995852756,-0.04233655868902527,-0.03337126034728936,-0.025488470142204248,-0.018596239111447626,-0.012607003656211459,-0.0074378740140597635,-0.0030107998686034363,0.0007473643345960824,0.003904871803434358,0.0065251571806778435,0.008666956940729588,0.010384464558789606,0.011727510873149386,0.012741761964033241,0.013468928443069073,0.013946981325532817,0.014210370686014679,0.014290244119343388,0.0142146626811956,0.014008812500629216,0.013695210668275927,0.013293904332368212,0.012822662198713359,0.012297157844647973,0.011731144432027617,0.011136620548859331,0.010523987029564655,0.00990219470476326,0.009278883116371763,0.008660510305316562,0.008052473839227168,0.007459223297604469,0.006884364473355817,0.006330755583219837,0.0058005958062977685,0.005295506490395788,0.00481660538080185,0.004364574236082188,0.0039397202010311196,0.003542031308563268,0.0031712264805955933,0.002826800393269221,0.0025080635646458254,0.002214178013670526,0.0019441888280847528,0.0016970519664426553,0.0014716586057280235,0.0012668563315672767,0.001081467452938061,0.0009143047077908675,0.0007641846103443575,0.0006299386751347334,0.0005104227373584436,0.0004045245737591261,0.0003111700133836516,0.00022932771305657557,0.00015801275846470388
0,-0.22181636735514657,-0.40315633046634247,-0.549640858252042,-0.6658773055893528,-0.7557818691596988,-0.8228333314203212,-0.8701938208247872,-0.9007381996966327,-0.9170486252546589,-0.9214093249475362,-0.9158140875306585,-0.9019862374394204,-0.8814065055541279,-0.8553441739160706,-0.8248881749110012,-0.7909760813656647,-0.7544197822527495,-0.7159271882346021,-0.6761197161286934,-0.6355456543817782,-0.5946898218892144,-0.5539801668358292,-0.5137920788269578,-0.47445119913600003,-0.43623542952103206,-0.39937669465107023,-0.36406284422879076,-0.3304399188804045,-0.29861486807875226,-0.2686587071133765,-0.24061003355728408,-0.2144787870967849,-0.1902501232980918,-0.16788827512466192,-0.14734028995997817,-0.12853954994164574,-0.11140900615974078,-0.09586408025839652,-0.08181520848141723,-0.06917002206222175,-0.05783517337476043,-0.047717829121753916,-0.0387268600555222,-0.030773761585939457,-0.02377334160117892,-0.017644211491046412,-0.012309114333727458,-0.007695120962528536,-0.0037337215909533325,-0.00036083474909201664,0.0024832455357333173,0.004853949534656848,0.006802565703888553,0.008376398692946745,0.009618943716819182,0.01057007132364984,0.011266218006989492,0.011740579214628313,0.01202330215180416,0.012141676417881397,0.012120320998358091,0.011981366496597567,0.011744631762825496,0.011427794285731391,0.011046553872679069,0.010614789271508778,0.010144707489851445,0.00964698565351821,0.009130905318464898,0.008604479214085848,0.008074570451107568,0.007547004276339896,0.007026672499738622,0.006517630757100169,0.006023188804535838,0.005545994068898718,0.005088108701747799,0.004651080403461507,0.004236007298972497,0.00384359715755955,0.00347422125647709,0.0031279631922348267,0.0028046629443727942,0.00250395649493714,0.002225311302861884,0.0019680579264238305,0.0017314180791617808,0.0015145293954214787,0.0013164671712797699,0.0011362633352616017,0.0009729228912188605,0.0008254380632006178,0.0006928003592939293,0.0005740107584160869,0.0004680882110368114,0.00037407663192613445,0.0002910505503679914,0.0002181195709369887,0.0001544317859772036
0,-0.22726649656266115,-0.41352067524692987,-0.5645497628761809,-0.6848734363629326,-0.7782504589989512,-0.848049803295167,-0.8974074568860511,-0.9292430410716049,-0.9462257916425127,-0.9507434124640033,-0.9448922832568991,-0.9304882934165627,-0.9090911819007468,-0.8820353318821252,-0.8504620237192837,-0.8153501289604105,-0.7775435804079301,-0.7377747752637163,-0.6966835949931802,-0.6548321203734816,-0.6127154414001382,-0.5707692018041516,-0.52937465353528,-0.48886201971330473,-0.449512890767187,-0.41156223979525364,-0.3752004761090902,-0.34057579161281565,-0.30779691390178004,-0.2769362726942526,-0.2480335138318594,-0.2210992536374409,-0.19611894948615272,-0.1730567632090599,-0.151859306336439,-0.13245917532034318,-0.11477820708062389,-0.0987304078541864,-0.08422452956573713,-0.07116628658157303,-0.05946022105596573,-0.049011236836602745,-0.039725830093738514,-0.031513049763726035,-0.024285223014714155,-0.01795848081232095,-0.01245311687467474,-0.0076938103073960285,-0.003609739431405513,-0.00013460853331490814,0.002793391297276013,0.005231672176022434,0.007233376995003765,0.008847534149322397,0.010119231208682853,0.011089801121875806,0.011797015985561038,0.012275284548725118,0.0125558505130014,0.012666989375588626,0.01263420208890452,0.012480404215796641,0.012226109570737692,0.011889607579412128,0.011487133779474247,0.01103303303755721,0.010539915181775017,0.01001880285210378,0.009479271458184642,0.008929581208718519,0.008376801241091858,0.007826925935783487,0.007284983548548057,0.006755137335101163,0.006240779378634089,0.005744617360373062,0.005268754537995331,0.004814763216359221,0.004383752010074427,0.003976427208278753,0.0035931485589780704,0.003233979793798732,0.002898734214384402,0.0025870156592768534,0.002298255165333619,0.0020317436308694863,0.0017866607790972767,0.0015621007103854944,0.0013570943206221479,0.0011706288508394687,0.0010016648204353845,0.000849150583054755,0.0007120347306279669,0.0005892765573967765,0.0004798547821146458,0.0003827747131221927,0.0002970740277733389,0.00022182732480735098,0.00015614959580806894
0,-0.23184889170819514,-0.42251649111393513,-0.5779867649696688,-0.7025792982972485,-0.7997528396529356,-0.8726547421998793,-0.9243292021551114,-0.9577129538596754,-0.9755583438394375,-0.9803641913625203,-0.9743410224673149,-0.9594087708790755,-0.9372159629359913,-0.90916980004669,-0.8764697573589882,-0.8401403434905967,-0.8010607200315399,-0.7599900892698982,-0.7175884625486898,-0.6744328793677972,-0.6310294828540968,-0.5878220990096683,-0.5451981061441684,-0.5034924111007744,-0.4629902829987192,-0.4239296621413738,-0.38650339642764436,-0.3508616912998011,-0.3171149138776405,-0.28533677884914793,-0.25556786552329647,-0.22781936901886923,-0.2020769677822742,-0.17830468767695623,-0.15644865349837392,-0.13644063679484522,-0.11820133039451446,-0.10164330222413075,-0.08667360191521935,-0.07319601207945532,-0.06111295128899942,-0.0503270474340521,-0.040742408293396086,-0.0322656211341824,-0.024806515409270664,-0.0182787226870962,-0.012600066394392928,-0.007692811197129129,-0.0034837993128332308,9.550455246302995e-05,0.003109038312508165,0.005616222312202518,0.007672080189854279,0.009327389962142512,0.010628856680155967,0.011619299807202811,0.012337849934363607,0.012820150623495907,0.013098562096919522,0.013202364223267475,0.013157956820181461,0.0129890557410224,0.012716883562902365,0.012360353969838974,0.011936249145422401,0.011459389667616202,0.010942796544337365,0.010397845149745583,0.009834410923143013,0.00926100677893503,0.008684912250007917,0.008112294450134104,0.007548320995055567,0.006997265067801849,0.006462602852391452,0.005947103592028052,0.00545291255382101,0.004981627202441669,0.004534366900484589,0.004111836464084422,0.0037143839090074122,0.0033420527254242696,0.002994629019299477,0.0026716838552081697,0.002372611129797039,0.0020966612974126545,0.0018429712599550116,0.0016105907221135166,0.0013985053010750978,0.0012056566668472684,0.0010309599757312672,0.0008733188454456323,0.0007316381061148258,0.0006048345469756341,0.0004918458643573155,0.00039163800238533556,0.00030321106405163304,0.00022560395686436015,0.00015789792432021135
0,-0.23506516089592955,-0.4293765224903552,-0.5891422443379827,-0.7182916123222424,-0.8197587357335111,-0.8962996189124756,-0.9507702746428514,-0.9860860021747723,-1.005078525432771,-1.0103703901209113,-1.0043038982967047,-0.9889200315288997,-0.9659703271543048,-0.9369458789352353,-0.9031126555204987,-0.8655469032458215,-0.8251674580490361,-0.7827635491812022,-0.7390176329052768,-0.694523342037156,-0.6497989908053344,-0.6052973123014571,-0.5614122403710261,-0.5184835785502249,-0.47680033649819914,-0.43660338486041733,-0.3980879153120899,-0.36140602431146657,-0.32666958937969326,-0.29395348804973986,-0.2632991257217736,-0.23471818713236903,-0.20819650129729494,-0.1836979048606036,-0.16116799735815834,-0.1405376985973106,-0.12172653900780593,-0.1046456354174935,-0.0892003251894971,-0.07529244971781161,-0.06282229318984431,-0.05169019400560097,-0.04179785434597424,-0.03304937839765163,-0.025352072114426253,-0.018617037648077546,-0.012759594255940691,-0.007699554983035188,-0.0033613861163082743,0.0003257289563070443,0.0034279000680488433,0.006006599178122785,0.008118773869937347,0.009816994213067778,0.011149623907304947,0.012161008426757795,0.012891674363813868,0.013378535376377105,0.013655101109376656,0.01375168623393393,0.013695617361817498,0.013511436081036552,0.013221096747473756,0.01284415797917045,0.012397967051567909,0.011897836597145179,0.011357213181770227,0.010787837470456673,0.010199895812893463,0.009602163178377,0.009002137453819987,0.008406165189708327,0.007819558939025884,0.007246706384656649,0.006691171492715127,0.006155787963554676,0.00564274527966033,0.005153667670920079,0.004689686333532285,0.004251505249620021,0.003839460961030838,0.0034535766533167673,0.0030936109049916117,0.0027591014533042313,0.0024494043213699806,0.0021637286429618905,0.0019011675109357313,0.0016607251634915754,0.0014413408095527637,0.001241909380752343,0.001061299483101139,0.000898368806589183,0.0007519772359409185,0.0006209978906661666,0.0005043263075744141,0.0004008879641780177,0.00030964432699275035,0.00022959759475235902,0.0001597942930526753
0,-0.2360135542000701,-0.4327567534296755,-0.5966400819698758,-0.7308514874321809,-0.8374266811079559,-0.91846201628401,-0.9764799945473461,-1.014321208231255,-1.0348964886262364,-1.0409752213340004,-1.035060618006321,-1.019341684612404,-0.9956949770356914,-0.9657123043244332,-0.930738549617287,-0.8919107120547609,-0.850193798504891,-0.8064117310357917,-0.761272743536324,-0.7153894120314053,-0.6692938373779973,-0.6234487232014307,-0.5782552101172748,-0.5340583486305402,-0.49115102802575866,-0.4497770489880766,-0.410133863142973,-0.372375332262889,-0.33661470600891974,-0.30292789301262824,-0.27135701051963135,-0.24191414107555312,-0.21458519557584663,-0.18933377378509772,-0.16610491964765464,-0.14482868377583527,-0.1254234250381364,-0.10779880398137215,-0.09185844072347141,-0.0775022275733016,-0.06462830121848696,-0.053134690586392926,-0.04292066448118694,-0.033887808118993105,-0.025940860156381352,-0.018988342237845426,-0.012943011988849845,-0.007722168125607017,-0.0032478342738018794,0.0005531569725874861,0.0037491583612041693,0.006403764829864295,0.008575918607124807,0.01032005095460972,0.011686251049301209,0.012720454291963638,0.013464643819508655,0.013957060227832099,0.014232415514281902,0.014322108061849739,0.01425443614401399,0.01405480795947723,0.013745946634947132,0.013348088982347064,0.012879177081134173,0.012355041990011698,0.011789579085590739,0.011194914686480999,0.010581563755992361,0.009958578589790379,0.009333688490060721,0.00871343050775567,0.00810327140149252,0.007507721017356894,0.00693043733964433,0.006374323499607457,0.005841617058574441,0.005333971904238572,0.004852533115256829,0.004398005160272695,0.0039707138037063435,0.003570662092756763,0.003197580798562362,0.002850973679887845,0.0025301579304963916,0.0022343001619640514,0.001962448262480283,0.0017135594595047165,0.0014865249003395292,0.0012801910500131158,0.001093378190601113,0.0009248962904736587,0.0007735584961372642,0.0006381924835150256,0.0005176498898256991,0.00041081403180272534,0.00031660610094996164,0.00023399001194108907,0.00016197606621057889
0,-0.2207737516511072,-0.40143674432353355,-0.5475834014859973,-0.663748293350582,-0.7537638465530279,-0.8210340684945944,-0.8686633389634957,-0.8994865774206424,-0.9160610937930298,-0.9206576110906992,-0.915264273791695,-0.901603914488364,-0.8811600176715039,-0.8552065670235777,-0.8248382264033072,-0.790998617791669,-0.7545054046562237,-0.7160715109890046,-0.6763222486401441,-0.635808481783673,-0.5950162490098808,-0.5543734728139413,-0.5142544929267432,-0.4749831621281244,-0.43683515993850885,-0.40004004258351683,-0.36478339033241025,-0.3312092628920423,-0.2994230472802057,-0.269494688117924,-0.24146222784247903,-0.2153355498074985,-0.19110020456380983,-0.1687212025926802,-0.14814666993266853,-0.1293112821306768,-0.11213941345749616,-0.09654795996920537,-0.08244881510498925,-0.06975099400057137,-0.05836241694086807,-0.048191373135618505,-0.039147693349364736,-0.031143664162337294,-0.024094718252445895,-0.017919934625510416,-0.01254238056182719,-0.007889325360874357,-0.003892348973487217,-0.0004873702905086016,0.002385388222274492,0.004781483990762348,0.0067523736480684425,0.008345558414910163,0.0096047478207695,0.01057003572243798,0.011278083922430706,0.011762309751172602,0.012053074804124238,0.012177872664557445,0.012161513935097725,0.012026307280440747,0.01179223547734113,0.011477125697715864,0.011096813433047576,0.01066529961558936,0.010194900613195865,0.009696390876387389,0.009179138103019862,0.008651230860801048,0.008119598672976241,0.0075901246292502875,0.007067750633375841,0.006556575441547904,0.006059945682288219,0.005580540079335421,0.005120447124538849,0.0046812364682617905,0.004264024310684049,0.003869533089022939,0.0034981457634389733,0.0031499550086228445,0.002824807619148042,0.0025223444349857338,0.002242036089460959,0.0019832148757331506,0.0017451030199139522,0.0015268376395182147,0.0013274926553236,0.0011460979131874324,0.0009816557601310366,0.0008331553062919906,0.0006995845913285833,0.0005799408607136314,0.0004732391442163153,0.0003785193158681078,0.00029485180193651177,0.0002213420909896505,0.00015713418808908287
0,-0.22600213106111494,-0.4114347747632763,-0.5620655091027883,-0.682322371271854,-0.7758557503171092,-0.845938980958548,-0.8956359012838419,-0.9278177261837431,-0.9451247205717496,-0.94992969104293,-0.9443234732320728,-0.9301222403540506,-0.908889461435101,-0.881965163899369,-0.8504971829334783,-0.8154711379866355,-0.7777373376676603,-0.738033727506788,-0.6970045742829594,-0.6552149891762681,-0.6131617005057604,-0.571280703838019,-0.5299525324013348,-0.4895059028227832,-0.4502204167550297,-0.4123288673738768,-0.3760195436601761,-0.3414387725585733,-0.3086938081179504,-0.27785607658336176,-0.2489647185111153,-0.22203032983895998,-0.19703878767320995,-0.17395504709519313,-0.15272680687456192,-0.13328795998029716,-0.11556176567505974,-0.09946370121188226,-0.08490397096553408,-0.0717896680958261,-0.060026597927996035,-0.049520782915185774,-0.040179676399780116,-0.03191311672316974,-0.024634055006419926,-0.018259089671994366,-0.012708838853202743,-0.007908180407668977,-0.0037863824485272106,-0.00027714922625540533,0.0026814007594061066,0.005146808550511277,0.007172387782724895,0.008807366783322286,0.010097051548435673,0.011083003123146007,0.011803224279549935,0.012292351485263548,0.012581849023658007,0.012700202810302645,0.01267311198558794,0.012523676783510393,0.012272581507557475,0.011938271707571294,0.011537124862757098,0.011083614048085173,0.010590464203488253,0.010068800744295605,0.00952829035219505,0.008977273872202143,0.008422891315169115,0.007871199029078525,0.007327279157070022,0.006795341546816822,0.006278818315285645,0.005780451305726934,0.00530237270049751,0.004846179074548609,0.004412999190584341,0.004003555848487259,0.003618222109060733,0.0032570722158970088,0.0029199275396599176,0.0026063978666844667,0.0023159183489198875,0.002047782425252925,0.0018011710154729296,0.0015751782779007103,0.0013688342102986673,0.0011811243613523816,0.0010110069070279248,0.0008574273326580029,0.000719330947897215,0.0005956734478665735,0.0004854297200366211,0.00038760108278605845,0.00030122112824050324,0.00022536032901356834,0.00015912955592636577
0,-0.2302516973752346,-0.4198944310674913,-0.5748962941063956,-0.6994488050091725,-0.7968605468335336,-0.8701505018546932,-0.9222698531100458,-0.9560958840067123,-0.9743475289629963,-0.979508076402684,-0.9737837325338977,-0.9590966166605808,-0.9371009378550536,-0.9092112689947776,-0.8766350649164316,-0.8404047266643044,-0.8014067145017542,-0.7604065407103128,-0.7180692488306365,-0.6749754697655456,-0.6316334746960753,-0.5884878659020903,-0.5459256647184848,-0.5042805732649486,-0.46383611810368225,-0.42482825653003065,-0.3874478710785522,-0.3518434227817324,-0.3181238982647425,-0.28636208013286446,-0.2565980967504068,-0.2288431636325425,-0.20308340878957196,-0.17928367222472535,-0.15739117955809948,-0.13733900657255468,-0.1190492716069102,-0.10243601343875602,-0.08740773174250471,-0.07386958420063162,-0.06172524824508673,-0.05087846598312673,-0.041234298201040485,-0.03270011774642329,-0.025186374511319505,-0.018607164189153633,-0.012880631288705329,-0.00792923569251302,-0.0036799054889754615,-6.410089257958965e-05,0.0029821936923235875,0.005518533317355722,0.007600118836681168,0.009277935325408215,0.010598913970220114,0.011606110527872446,0.01233889484024385,0.012833147024752299,0.01312145686715683,0.013233323669203264,0.013195354381423349,0.013031458311928647,0.012763037070421814,0.012409168703212793,0.011986785215854234,0.011510842877522475,0.010994484864958905,0.010449195940763644,0.009884948976404042,0.009310343228395896,0.008732734359641052,0.008158356269044903,0.007592434852935808,0.007039293872762352,0.006502453146081696,0.005984719312845372,0.005488269457183116,0.005014727886952844,0.004565236389881971,0.004140518296734324,0.003740936689149222,0.003366547093105102,0.0030171449988501274,0.0026923085450585808,0.0023914366993358924,0.0021137832593987674,0.001858486989658815,0.0016245981968766477,0.0014111020363204052,0.0012169388267392982,0.0010410216386953827,0.0008822514065930594,0.0007395298003122808,0.000611770077845785,0.0004979061259110401,0.00039689988128525477,0.00030774731168464276,0.0002294831214879299,0.00016118433453436167
0,-0.2329233903660607,-0.42590661547630804,-0.5851294129896325,-0.7143168941957436,-0.8161769811090513,-0.8932829614128717,-0.9483664387539247,-0.9842689573919428,-1.0037849773241447,-1.0095230397926376,-1.0038248297225887,-0.9887376540637793,-0.9660225023549037,-0.93718095809167,-0.9034894213732567,-0.8660339142492108,-0.8257420146188378,-0.783410382899831,-0.7397273977786298,-0.695291005388831,-0.6506222410836069,-0.6061751024252495,-0.5623435650503743,-0.519466548958625,-0.47783157575291507,-0.4376777316948307,-0.3991983963885018,-0.3625440395451192,-0.32782524853511513,-0.29511603846563145,-0.2644574177128429,-0.23586113308879922,-0.2093134949952609,-0.1847791778231717,-0.16220489854029432,-0.141522891810083,-0.12265411915067159,-0.10551116969062033,-0.0900008290385397,-0.07602630942237189,-0.0634891479066782,-0.052290789929892716,-0.04233388270088263,-0.03352330745509722,-0.02576698162739329,-0.01897646214455777,-0.013067379586070111,-0.007959731978897962,-0.003578060748465625,0.000148466485328224,0.0032860490563674555,0.005896305961725585,0.00803637478368037,0.009759045798578874,0.011112922249562895,0.012142599453377933,0.012888856820886642,0.013388858030083026,0.013676355535524314,0.013781896364397661,0.013733026769098917,0.013554493807346904,0.01326844232721015,0.01289460616545964,0.01245049263903005,0.011951559633403356,0.011411384778031611,0.01084182635486102,0.01025317571726624,0.009654301107552391,0.009052782854934277,0.008455040015102092,0.007866448579123666,0.007291451435114344,0.006733660312125498,0.006195949973172549,0.005680544954175908,0.0051890991686742395,0.004722768715233966,0.004282278236207193,0.0038679811835162304,0.003479914350043654,0.0031178470245241505,0.0027813251240625704,0.00246971065199814,0.0021822168202261477,0.0019179391646476102,0.0016758829705050982,0.001454987311288601,0.0012541459909400782,0.0010722256645142093,0.0009080813974682048,0.0007605699085744223,0.0006285607262313583,0.0005109454728385091,0.00040664547703829853,0.00031461789909648314,0.00023386054059815444,0.00016341549603428554
0,-0.2328632600229422,-0.4277955594168593,-0.5910925559909731,-0.7255580176214079,-0.8328483138427623,-0.9147793610395938,-0.9737001699685179,-1.0123607800106538,-1.0336354118559512,-1.0402875367348847,-1.0348297105486153,-1.0194665122173103,-0.9960915714668083,-0.9663130806674621,-0.9314907478285658,-0.8927745602392397,-0.8511406018457305,-0.8074219317705349,-0.7623339678748986,-0.7164945457380741,-0.6704392044277812,-0.6246324567386543,-0.5794758959379265,-0.5353139942153161,-0.4924383748930733,-0.45109121228390126,-0.411468256160645,-0.3737218175281081,-0.3379639083399566,-0.30426961159894417,-0.2726806740270514,-0.2432092597210233,-0.2158417751618343,-0.19054266755495103,-0.16725810371896513,-0.14591945038788726,-0.12644649471067396,-0.10875036287942692,-0.0927361131155314,-0.07830499539226914,-0.06535638357880526,-0.05378939590916442,-0.04350422688645543,-0.03440321821612037,-0.02639169853684158,-0.019378622053251294,-0.013277034963025219,-0.008004397781222071,-0.0034827858310200114,0.0003610076826640438,0.0035954486823982705,0.00628430274800827,0.00848672551156758,0.010257391513796005,0.01164665208263084,0.012700714476795117,0.013461835956190809,0.013968527624576814,0.014255763869262222,0.014355194028403231,0.01429535357780633,0.014101872671553484,0.013797680316310205,0.013403202826231456,0.012936555509014425,0.012413726785954479,0.011848754159472829,0.01125389161809811,0.010639768217243332,0.010015537698996822,0.009389019119231663,0.008766828538533918,0.00815450190712089,0.007556609334972278,0.006976860988423643,0.00641820489482545,0.005882916968710202,0.005372683597254137,0.004888677140572624,0.004431624714363077,0.004001870629333825,0.0035994328644050025,0.003224053949434557,0.0028752466287660493,0.002552334669717264,0.0022544891706757575,0.001980760712158873,0.0017301076813969376,0.0015014210870387258,0.0012935461657562907,0.0011053010671004495,0.0009354928871615214,0.0007829313056143411,0.0006464400647605759,0.0005248665133556196,0.0004170894224645528,0.0003220252654225889,0.00023863313927687468,0.0001659184909244557
